tweetid,sentiment
169760,2
35326,2
224985,0
476263,1
872928,-1
75639,2
211536,0
569434,2
315368,2
591733,2
91983,-1
67249,0
143459,2
663535,2
20476,-1
815297,0
274098,1
30045,2
681487,-1
708966,2
393689,-1
186705,2
233977,2
525794,1
863649,0
315964,0
588985,0
669979,2
137059,2
556915,2
951973,2
72939,0
205796,2
478581,-1
453375,2
555551,1
219030,0
546209,2
416919,2
433824,2
621526,2
616108,2
70943,-1
153248,-1
854719,2
616444,1
118418,2
846132,-1
443106,0
758958,2
376412,2
667731,0
222107,2
349545,2
284026,2
564727,2
522979,0
460970,-1
371750,-1
251299,-1
485211,0
502976,2
623282,-1
217605,2
225330,0
58854,-1
723671,2
366409,-1
704565,0
655925,-1
717618,2
922449,2
729885,2
599133,2
89885,-1
249039,-1
440750,1
18663,-1
314549,2
643414,2
61835,0
659073,1
178597,1
152298,2
581943,-1
781913,-1
336886,2
624852,-1
655116,0
5591,0
731620,0
872882,2
320393,2
353463,2
816508,2
636325,-1
53058,2
725589,0
693559,0
66255,2
218797,2
307092,-1
188557,0
137392,-1
597086,2
96006,2
330509,-1
78639,2
536231,1
304814,1
553696,2
455898,-1
745466,2
846719,2
722710,-1
989172,2
492079,-1
315869,-1
32675,-1
959684,-1
641938,2
933443,-1
458401,-1
554994,0
461467,2
902353,0
178794,-1
387356,2
380276,0
824355,-1
685606,-1
85488,0
50608,0
447977,-1
943930,2
183083,1
359626,2
810128,1
380913,0
516209,2
993538,2
594772,2
22428,2
991876,0
504172,2
283272,-1
914599,-1
752129,2
701957,0
858489,0
221704,2
409406,-1
468372,2
818509,1
204729,1
394896,2
397593,0
465474,2
450344,2
502719,0
816499,2
291002,1
301225,2
402773,-1
81233,-1
642569,1
900041,-1
67900,-1
237131,2
311030,-1
975455,2
69232,2
156024,0
268543,2
586693,-1
709157,1
582003,2
689136,-1
953619,-1
971710,2
809619,2
595597,2
274499,2
771063,2
597739,2
110053,-1
723442,1
881554,0
704923,2
822018,2
505322,2
120776,2
404757,0
811053,2
317696,2
734766,2
841196,2
400682,2
649511,2
740566,-1
798359,0
861578,2
5417,2
609894,0
174874,2
227482,2
316886,2
112798,2
44507,2
444423,1
878768,0
951095,2
970445,-1
208227,0
545402,0
498559,0
454769,-1
490905,1
343981,-1
891649,0
794296,2
669149,2
104997,-1
54711,2
756770,2
632633,2
882503,0
604089,2
37591,0
304290,-1
167356,2
398680,1
268980,2
485450,0
246743,1
83632,2
804653,2
614272,1
699619,2
128361,2
617614,2
756863,2
550624,2
971913,2
597102,2
468901,1
512603,0
869,2
135515,0
471002,-1
76054,0
835455,0
593722,-1
209903,2
311687,2
38624,1
140169,2
50739,1
134179,0
368885,-1
955073,2
642519,2
849811,-1
377434,-1
61946,0
128149,-1
545779,2
145812,1
839220,2
23630,2
631635,2
659284,0
636800,0
246233,-1
224961,2
227170,1
24500,2
444613,1
173797,1
183700,1
305251,2
487336,0
521403,2
741971,1
171732,1
354162,2
572875,-1
337961,-1
39327,2
666488,2
686787,-1
248289,0
644357,2
106812,2
492300,2
929522,2
827492,-1
92888,-1
748860,1
544547,1
970736,0
805808,0
320551,-1
210944,2
109631,2
251292,-1
170364,-1
948426,2
780776,-1
693604,1
799998,2
373943,2
593149,2
264289,-1
479344,0
820909,1
492817,0
831733,1
405413,2
685176,2
982870,-1
92655,2
929710,2
365298,1
597644,2
908494,-1
532450,1
431470,-1
261786,1
126953,2
157454,2
911863,2
968491,2
341684,-1
868000,2
937870,2
196243,-1
749947,-1
10201,1
861465,2
418775,2
561942,-1
61831,2
224428,2
470738,-1
694377,-1
557591,2
504856,1
988980,0
811937,2
78955,2
166783,-1
2520,2
268418,2
911873,2
380946,0
841067,-1
760341,0
872864,-1
833511,0
795400,2
947288,2
97754,-1
848402,0
77036,2
280663,2
654324,2
105628,2
227665,2
169839,2
334216,-1
502105,2
174279,2
193681,2
457324,-1
562231,-1
254480,1
432635,2
916814,-1
217862,-1
454694,1
512554,2
249736,1
979904,2
841942,2
141852,2
279014,2
511552,2
502057,2
822243,0
586976,2
870627,1
809260,0
258979,-1
342572,1
833715,-1
63205,2
327,1
286773,2
831328,2
265516,0
988076,2
92963,2
813089,-1
372840,2
460869,2
700900,2
54421,-1
83811,1
932229,2
14731,2
416245,0
91717,1
37782,0
168950,-1
791767,2
612474,1
863569,1
833620,2
831050,-1
327186,2
70954,2
744906,-1
410805,-1
321290,2
560166,-1
199999,-1
520958,0
486093,2
433768,0
170942,1
97769,2
574580,-1
427983,-1
536786,2
64572,-1
932658,2
875904,2
388184,0
448406,0
280094,0
196585,2
297123,-1
583405,-1
749358,2
8540,-1
92130,0
682459,-1
493774,1
81514,2
937131,2
683822,2
181932,-1
185061,0
718905,0
467768,-1
50360,1
37282,-1
324725,1
587613,0
759085,2
995304,0
62430,-1
959472,2
134816,-1
443799,2
84144,2
626595,0
382192,2
249680,2
209100,2
505060,2
510212,-1
454150,-1
900706,2
355447,-1
415557,1
431394,2
796461,2
551013,2
71926,2
260753,0
883406,-1
973790,2
673020,1
573493,2
850799,0
596499,0
430720,2
970612,-1
645141,2
122672,-1
572212,0
590281,2
185082,-1
643999,2
276142,-1
522428,2
242869,0
859835,2
179238,2
830861,2
659715,2
742214,2
44768,2
156753,-1
689726,1
659825,0
805236,-1
484743,2
843791,1
401342,1
268165,0
450971,-1
969588,2
493909,2
775367,1
102955,2
356595,-1
860992,2
478186,2
235851,-1
859554,0
383555,-1
568803,0
522415,0
493050,-1
568528,-1
371027,2
554560,2
969599,2
70097,1
898167,1
483103,2
773089,1
436540,2
214657,2
824653,2
132616,1
962166,2
357327,1
183595,2
338190,0
821753,2
782634,2
355771,2
102889,0
335544,2
417438,2
99418,2
774033,2
151834,2
573075,2
675187,2
488287,2
317596,2
848773,-1
177318,0
743728,2
166017,2
668192,-1
242646,2
572824,-1
516374,0
569974,2
368987,2
35989,0
439267,0
425036,-1
978741,2
161511,2
158819,-1
225262,2
398562,0
940439,-1
657384,2
348631,2
950221,2
390207,0
633050,0
45603,1
892219,2
763551,0
219247,-1
78219,2
106376,-1
664990,1
61204,-1
444521,2
162744,1
10394,0
107336,2
400960,-1
157258,2
762553,0
398197,-1
513701,2
450710,2
192494,-1
376697,2
466375,2
600809,2
337306,1
597597,-1
282282,2
619747,0
848426,0
468720,-1
954154,0
544640,0
192358,2
768797,2
817583,-1
864589,2
104220,2
725297,2
973859,2
942269,0
145192,0
965827,2
861437,0
296887,2
817495,0
273994,0
799474,2
177872,2
532392,2
770417,0
706812,2
193396,-1
863034,2
967152,-1
948038,0
608126,-1
412897,2
970466,-1
604868,2
94532,2
820173,-1
833762,2
604371,2
961064,-1
419528,2
79982,-1
564369,2
489017,1
887262,2
402712,-1
963864,2
854765,-1
331759,1
26332,2
238943,-1
431614,2
329434,1
680680,-1
39578,-1
670432,2
371166,0
686203,0
118985,2
263823,2
275604,2
390449,0
553573,2
159171,2
172630,2
867879,2
555667,2
107607,2
671813,-1
29467,2
424298,2
247885,-1
66440,2
794065,0
383354,0
73974,-1
597362,-1
873587,2
755011,2
736998,2
117248,2
692018,0
813376,1
834684,2
546314,2
876985,-1
207998,1
110340,0
715656,-1
88611,2
716533,1
269830,0
661339,2
96822,-1
101833,-1
548873,2
432375,2
963943,1
105738,1
814952,-1
933283,1
476266,2
713154,1
729178,2
739461,-1
46459,-1
564711,2
9295,-1
89381,2
997108,2
434160,1
632113,2
349480,-1
981685,-1
891296,2
795819,-1
22856,2
176472,1
760306,2
364909,2
593804,2
307467,-1
610642,0
129662,0
569359,2
561862,-1
423167,2
840583,-1
683275,2
190548,1
958471,0
740052,-1
631040,-1
976028,1
990527,2
58802,2
406698,2
166458,2
758638,0
864544,2
937863,-1
839640,2
43118,0
554437,0
24114,2
594987,2
2994,2
983985,1
738824,2
578675,2
246789,2
459925,2
723464,2
939557,-1
962770,0
432283,-1
295172,-1
354011,2
917171,0
368282,-1
799357,2
218943,2
354686,2
180377,2
979574,2
457365,2
855074,2
527673,-1
785117,-1
973760,1
928581,-1
56229,2
489025,0
43190,-1
563462,2
972585,2
593576,1
327139,0
615819,1
538945,2
967095,2
993681,2
568295,2
969003,-1
644408,0
956047,2
525657,-1
56665,1
617655,2
838447,-1
931195,2
577981,2
870874,2
480174,2
695290,0
645362,2
475332,2
78586,-1
792010,2
600177,0
579760,1
733217,2
130633,2
246139,0
83570,2
233932,-1
65704,-1
720328,1
182815,0
992508,2
582996,0
712952,2
217793,2
960416,1
387077,0
62147,-1
158157,0
16196,0
211659,1
368185,-1
681044,2
368951,2
200078,0
947641,-1
591630,-1
60500,0
257401,2
478713,2
735450,-1
633125,0
610055,1
632978,2
365076,2
875539,2
758419,-1
709088,-1
768261,2
209509,2
127305,-1
121053,1
19558,-1
801712,2
837454,-1
541857,-1
11629,2
10359,2
66175,2
23284,0
211731,0
32828,1
300306,0
798465,2
429350,2
96211,2
287991,2
580986,2
782530,1
446353,2
404665,1
971456,1
503290,-1
675704,2
225076,2
593471,-1
481167,0
161297,-1
270003,-1
411180,2
271499,-1
672109,2
602150,-1
575468,2
181408,2
161726,1
977902,0
788232,-1
725006,2
722658,2
600224,-1
793349,2
451620,2
424135,2
88627,1
806009,-1
192064,-1
685562,2
284646,-1
715307,2
883501,2
842439,2
33587,-1
730304,2
87268,2
494947,-1
557924,-1
351002,-1
361958,2
624214,2
513910,-1
506543,-1
778056,-1
357156,1
370081,1
880261,2
509403,-1
580774,-1
837095,2
560337,0
132783,2
304998,2
819879,0
849455,-1
346200,2
625746,-1
677462,2
107732,1
277516,-1
119700,1
219147,-1
773453,2
813113,0
121431,1
258442,2
15784,2
491379,2
767093,1
508244,2
711697,2
78517,2
592053,2
723025,-1
310230,2
751878,2
617843,2
265859,0
410288,2
708448,2
254072,-1
791956,2
515974,2
972791,1
330960,0
126876,2
316154,1
179087,1
586916,0
70846,-1
752225,2
404604,1
836527,-1
678059,1
333311,2
74980,-1
477908,2
506657,2
980875,2
805679,0
193548,1
818493,-1
625918,-1
215713,-1
126166,-1
709380,-1
570628,2
898663,0
103967,0
934788,2
327499,0
953095,1
592527,2
488806,0
531595,-1
899135,0
661210,2
311285,1
956537,-1
536614,2
518252,2
101697,2
136250,-1
571656,-1
614530,0
506382,2
990558,2
414640,2
757228,0
741160,1
80801,2
14077,-1
44115,1
782491,-1
141116,-1
758470,-1
111565,2
108937,2
333960,-1
495632,0
855633,1
387274,-1
944823,0
676644,-1
674904,0
706197,2
751823,2
534701,2
776680,2
856934,2
838992,-1
73072,0
592976,-1
120301,1
477557,0
331101,-1
587789,-1
106773,2
714124,1
772086,2
656418,2
372287,2
481477,2
938734,2
922926,2
339447,-1
325978,2
42066,0
382638,2
16052,1
450371,-1
450653,2
299753,2
643564,2
975417,-1
890333,2
759258,1
82004,2
187640,0
790339,2
760264,2
34404,2
387284,2
111495,0
263613,0
811478,1
615025,-1
709431,-1
815398,2
429819,0
55201,1
918786,2
505250,2
811168,-1
616510,-1
810332,2
778191,0
644140,0
614087,2
350693,-1
224411,-1
187760,2
673695,0
624957,2
682615,2
674916,2
404402,1
53072,2
48112,1
785837,-1
184816,0
230210,1
915999,0
376465,2
194186,2
106745,1
992715,2
274295,-1
841614,2
855159,2
369248,2
400854,2
232119,2
770087,2
61801,2
582837,2
696188,1
710747,-1
943396,0
943553,1
957958,-1
170910,2
680524,0
565587,1
749902,2
748072,-1
937512,2
130999,2
342929,2
406526,2
281624,-1
111021,2
898463,1
920547,1
300268,2
6377,1
150851,2
836682,2
975094,-1
303263,-1
469044,2
826563,0
879918,1
803773,2
535044,-1
129239,-1
123544,2
955118,-1
763466,2
302824,1
970253,2
536636,2
225644,2
901410,2
976357,2
276425,2
698782,1
476182,2
560795,1
734099,0
874279,0
528799,1
844516,0
42001,-1
729333,1
910929,2
436637,0
539943,2
158515,2
913083,-1
196246,2
312900,2
247152,1
621919,1
72893,2
989727,-1
828411,2
231642,0
294532,1
322655,2
238643,2
226893,-1
22945,-1
667052,0
330901,-1
893735,-1
844155,2
598545,1
792602,2
81394,-1
79720,1
450891,-1
689110,2
603282,1
151774,2
427833,0
514030,2
450842,2
663940,2
289537,0
93580,-1
999485,2
16012,2
602434,2
128526,0
567878,2
311040,0
397558,2
659249,2
732039,2
257083,1
653366,2
764741,2
240417,2
941193,2
249928,-1
355194,2
466127,2
986184,-1
194736,2
193995,2
630191,0
467505,0
385475,-1
537515,2
689188,2
629787,-1
125791,2
873126,-1
634159,2
5824,-1
626130,0
710596,2
739055,-1
584269,0
930286,1
803604,2
902313,0
365571,0
418391,1
260874,2
53754,1
406691,2
958946,-1
135258,2
349414,2
988959,-1
954431,-1
985836,2
698510,2
509363,2
625498,0
896827,1
393734,1
326465,2
856169,2
404748,2
330862,2
455496,-1
571982,0
298506,2
98423,1
660483,2
219919,0
967026,2
640859,0
574291,0
673739,-1
490703,1
811513,2
357267,2
366205,1
47116,2
41555,2
666135,0
997640,0
381416,2
168327,2
492253,2
422735,-1
667117,-1
202823,1
10908,-1
366599,0
394665,-1
734589,2
210821,2
191243,0
435686,1
7931,2
331666,2
998608,0
598170,2
981822,-1
349039,-1
131708,2
440962,-1
719287,2
866736,-1
793383,1
486705,1
206701,2
812095,2
813429,-1
300273,1
246003,2
357693,2
127689,2
554542,-1
713892,2
855661,2
413022,2
204680,2
865502,1
70808,2
542694,2
521642,2
90760,2
599952,2
116224,2
781730,-1
222272,2
520111,-1
470642,1
241795,2
585620,0
969978,2
800466,2
665096,1
59084,-1
813349,1
312981,1
965523,2
921337,2
791417,2
472174,1
514550,2
418510,0
344814,2
555242,0
603943,2
996818,1
518736,1
194144,-1
548422,2
781735,1
90786,1
3051,0
402995,-1
224269,2
891634,0
661409,-1
776823,-1
773037,2
716592,2
709740,0
230435,2
105775,2
277235,1
323839,2
485009,2
991522,2
421384,2
407930,0
499185,-1
634042,2
281534,-1
29564,2
777475,0
73475,0
924278,2
945887,-1
133825,2
750622,-1
340947,2
477970,0
841038,-1
331429,-1
861934,2
117689,2
231985,2
452498,-1
147151,1
402278,0
515529,2
816064,0
320416,2
674363,2
45153,0
294203,2
69149,2
892557,1
714218,-1
374533,-1
799765,0
406896,0
493645,2
77622,2
351139,2
598383,2
437099,-1
811260,2
289021,-1
411748,2
834122,0
531633,2
138830,2
855031,2
621398,2
591179,-1
665535,-1
625048,2
395927,-1
819363,2
226513,2
230277,2
217668,2
646356,-1
585846,-1
320140,-1
7769,2
128883,-1
930716,-1
52091,2
865029,0
678269,-1
646896,2
151820,1
126071,-1
390635,0
846830,2
903429,2
552575,0
51238,1
398685,2
442076,2
245264,1
1847,2
800950,-1
236737,-1
371083,2
288557,0
645411,0
582358,-1
105065,0
105707,-1
487304,-1
966654,-1
367823,2
649275,-1
29185,2
172119,2
685650,-1
173254,1
287735,2
97811,1
838235,2
254835,2
318905,-1
259043,2
381017,0
649757,0
529954,0
663529,0
423720,0
22777,1
766694,2
166583,0
282634,0
353764,0
461317,2
31680,-1
998009,2
491318,2
970330,0
476860,2
415960,-1
937064,0
935085,-1
863837,-1
166987,2
65621,0
486600,2
389265,2
151202,2
906908,1
98725,2
741135,2
184479,2
364623,2
289083,2
101465,2
877671,2
414975,-1
819137,0
162715,2
889367,1
682050,0
468148,2
276721,0
809015,0
82904,0
629958,-1
282539,0
576641,0
721032,-1
985863,2
351847,2
102182,1
432256,2
810959,-1
339263,1
426325,0
634147,2
43694,-1
693219,-1
840612,0
292313,2
459823,0
458700,0
886294,2
72399,-1
838493,2
239467,2
966716,2
88590,0
270660,0
612857,2
481502,2
953534,2
399293,2
325715,1
412226,2
817566,2
610516,2
921902,1
279576,2
164195,2
233989,2
650411,2
531313,-1
4333,-1
643985,2
556079,0
362728,-1
619584,0
498930,2
711047,2
280183,2
710884,-1
669728,2
873903,2
133051,2
580652,1
122184,2
297918,2
443350,-1
942345,-1
487311,2
624290,2
462841,-1
682584,2
86801,0
614098,-1
71036,-1
603798,-1
539219,-1
571734,1
891254,0
16967,1
366465,2
468888,-1
755956,-1
854237,0
929586,2
972465,-1
47414,2
237511,2
473045,1
719760,2
3380,2
915945,2
746072,2
793658,2
718346,-1
991582,2
186975,-1
544544,-1
598757,2
352182,-1
799769,-1
285144,1
406272,2
92988,-1
36673,0
558989,2
261633,2
239960,-1
938879,0
638143,2
162574,2
78388,1
966667,2
865944,0
972181,2
946851,-1
214800,1
728032,2
600651,-1
728584,0
706681,0
589739,0
450581,1
47561,1
401905,0
800981,-1
589183,-1
222534,2
357670,-1
923142,-1
497636,2
443455,0
730705,2
830855,1
255556,2
961712,-1
589379,-1
956735,1
216207,0
650019,0
606200,2
753836,0
847322,-1
273226,1
83629,1
226734,2
788872,2
870974,2
591870,2
568912,2
789519,2
731488,-1
244090,-1
735125,2
764484,-1
646717,1
31157,-1
152232,-1
414280,2
587546,2
821756,2
373215,2
826764,0
733307,0
596788,2
57392,-1
761256,2
586312,0
93389,0
93917,2
73551,2
165581,-1
156791,-1
823794,1
63392,2
182207,2
829750,-1
101290,-1
639078,2
960964,2
884242,2
333194,-1
180605,2
724302,1
464585,0
857134,2
289751,2
746574,0
5343,2
477522,2
446879,-1
546541,0
732463,2
380608,2
336640,-1
52477,-1
194507,2
538733,2
622382,2
758067,2
969245,-1
6204,1
360927,2
733862,2
254831,-1
312789,1
683632,2
698155,0
581241,0
685887,2
495618,2
98564,2
422534,1
378882,-1
175872,0
135908,2
840249,0
37433,-1
231996,2
573211,0
703385,2
11101,-1
819890,1
572492,-1
120502,2
146930,2
913546,2
808868,1
383788,2
629338,2
429250,0
327253,-1
233323,0
754966,2
5107,0
285700,-1
997597,-1
605325,2
181468,0
921776,1
131890,-1
727491,1
407368,2
720318,2
521215,2
699505,0
260605,-1
4496,2
162556,-1
283270,-1
631070,0
343853,2
195609,2
729294,2
342029,2
31305,2
974349,-1
827385,1
110637,1
330981,-1
716213,-1
673772,1
533976,-1
467243,0
671317,-1
232183,-1
489015,2
356158,2
988748,-1
240002,-1
873392,1
345670,1
356761,2
530584,1
177001,2
525148,2
347083,-1
784269,0
420686,2
918830,2
550616,0
696228,2
861731,2
677852,1
591361,1
962050,1
76649,-1
832328,-1
239449,2
467995,2
467450,1
127162,-1
477381,1
58715,-1
701473,2
893061,2
335217,2
909071,0
471885,2
164325,1
875446,2
366749,2
625267,2
805316,0
779520,-1
967449,0
39093,2
306078,0
983065,2
106475,2
380508,-1
236562,-1
589848,-1
741895,2
204042,-1
238985,2
468940,2
467571,1
86934,-1
650045,-1
334396,2
308397,2
435631,2
206312,2
565453,0
250852,2
511144,-1
985030,0
5045,0
962371,2
179695,-1
571674,2
708517,1
949891,0
451267,2
463572,-1
527910,2
446310,-1
105414,2
18138,2
653784,0
331838,2
650762,-1
826394,-1
164947,0
871573,2
737732,2
78892,0
950200,-1
484870,2
382863,2
155451,-1
361880,1
625561,2
675442,2
113514,1
19397,2
718093,2
428411,0
908602,2
595852,2
866548,1
516734,2
203690,2
457889,0
42699,-1
564817,1
519244,1
634222,-1
851947,2
925224,1
776585,0
603969,2
848121,-1
745737,-1
706675,-1
891427,0
311901,1
190297,1
782363,0
44291,2
370428,-1
899174,2
144125,2
422237,0
554582,-1
242199,-1
232219,0
224076,2
945898,2
564911,2
343688,-1
371908,0
627574,2
180485,2
249763,-1
651375,-1
660951,1
657758,0
237867,-1
782819,0
791928,2
294609,2
850390,2
396547,1
142830,-1
250983,2
443938,2
831490,1
418267,2
860398,-1
763872,0
574726,0
142336,2
213055,2
455829,0
656699,2
171902,2
350128,0
714025,-1
17420,0
44772,-1
643168,0
704610,2
820523,1
37607,1
680087,2
509948,-1
938423,1
476346,-1
617648,2
659939,2
510346,0
106516,0
187412,0
530662,0
969059,-1
233113,2
881485,-1
396578,1
722776,2
69263,-1
783056,2
29053,0
45878,1
845042,2
78628,2
899274,2
485857,2
914284,2
590949,0
286808,0
449133,2
145375,0
769261,2
769524,2
968896,0
313839,2
775822,-1
293312,-1
495182,-1
896063,0
2325,2
795486,-1
135329,2
885345,0
703319,0
595781,0
243128,0
589175,2
473007,-1
145261,1
942956,2
524966,-1
713766,2
440834,2
94839,-1
730063,-1
120270,2
73612,-1
432813,2
317254,-1
149855,0
588233,2
860852,2
762132,2
694699,0
357323,2
617071,-1
909332,0
460019,1
175290,2
845224,1
77234,2
337929,-1
846396,1
515567,-1
365305,0
410068,-1
123198,2
287376,1
799250,0
744900,0
505135,2
380314,-1
272452,-1
164506,0
825234,-1
959388,2
502275,2
663775,2
515364,0
29777,-1
857998,2
930993,2
225367,0
299046,0
54060,2
153537,0
77959,-1
238755,-1
913486,2
14443,2
604691,2
56693,0
397430,0
292158,1
263045,2
686702,2
111969,1
575864,1
592714,2
788130,2
283215,2
463455,0
84395,-1
111750,-1
930512,-1
582792,0
172215,0
856082,1
788739,2
509947,0
407486,-1
93916,0
49777,-1
794018,-1
448173,1
461282,2
44346,1
505510,-1
782839,2
104045,0
568580,1
758553,0
53400,2
441214,0
953386,2
143711,2
120075,-1
215972,2
439116,2
186431,2
593449,-1
607278,0
582945,2
922510,2
767792,-1
795952,2
944860,1
444063,1
865922,2
752668,-1
977914,1
252208,2
772954,1
254837,2
237616,2
371131,2
343754,2
449316,2
185570,0
47008,2
19133,2
375376,2
578099,-1
763558,2
162367,2
690491,0
698617,-1
620254,0
217118,2
232363,2
816170,2
449825,-1
672636,0
179091,-1
231038,2
291804,-1
710495,0
553086,2
323962,2
581600,-1
704427,2
438734,2
209379,2
415615,2
284806,-1
310499,1
346116,2
771257,0
129670,0
532461,-1
847765,2
541807,0
151102,1
301061,2
920481,-1
223008,2
804457,2
577544,0
724299,2
615253,-1
414925,1
905949,2
633508,-1
270235,-1
560973,-1
337725,-1
307063,2
248899,0
693471,2
32083,2
581827,0
447640,1
862171,-1
263238,0
177423,-1
556777,-1
814230,2
34166,-1
355856,0
961882,-1
762704,0
602494,-1
34702,2
715552,0
355679,-1
854686,2
171389,0
820375,2
752605,2
923279,0
150302,2
444048,-1
772347,1
707363,2
43036,1
31741,1
902354,2
732442,0
691266,-1
115042,-1
522188,1
815935,1
621337,-1
933944,2
545889,2
639168,2
655821,2
217577,2
988338,2
310934,0
384173,2
850427,-1
614699,-1
146362,2
58112,2
466658,1
798525,2
569963,0
434900,0
51794,2
373733,2
78426,-1
591624,2
376278,0
881145,2
423932,2
154517,-1
809256,2
592760,1
326267,2
557614,2
657699,2
792471,2
687325,2
184414,-1
160393,2
846792,2
615738,-1
988164,-1
487047,2
469101,-1
804088,2
981726,0
661325,2
395935,0
404054,0
336290,-1
458596,2
721106,0
837210,2
370613,2
123115,2
306643,2
666144,2
108718,2
319332,0
579193,0
358166,1
141738,1
260609,-1
581967,2
132595,2
488092,1
392202,0
315476,-1
205530,-1
659291,2
436218,-1
90685,-1
142415,2
24934,-1
409382,0
920431,2
796763,2
845251,-1
388243,1
604797,-1
152641,-1
248936,0
938144,2
424611,2
329124,-1
665784,0
640825,0
163428,2
556966,-1
462236,2
940585,2
836959,1
203375,1
254557,1
980954,2
24797,2
281199,0
574766,2
887404,-1
291525,2
649648,1
753473,2
305074,0
328063,2
567452,2
195871,-1
540520,-1
875626,2
672918,2
17142,1
644643,0
558196,-1
718420,-1
941514,2
142228,2
114046,2
201727,-1
432369,2
387738,-1
199691,2
180304,2
673181,-1
146042,2
558321,0
486158,2
656852,2
746973,-1
443873,2
946854,0
206666,0
329798,0
494754,0
964787,0
992585,0
626550,0
338140,1
86710,2
880166,0
461185,2
840127,-1
909823,2
347835,2
41851,2
429019,2
822696,2
398282,0
939362,0
44160,2
193712,1
628281,2
489292,0
616565,-1
347410,2
17963,0
76228,1
601837,0
569634,0
57381,0
120440,2
34596,2
28256,2
499154,2
352917,2
642374,2
597069,0
830957,2
317312,2
827075,2
588394,0
706639,2
182537,2
16854,-1
443398,0
434602,1
554528,2
30214,-1
171137,2
875060,2
961114,2
246680,2
244205,2
552594,2
726305,2
354750,0
71830,2
345645,-1
212044,1
200267,0
942846,2
174493,2
333002,2
146187,1
793908,2
496143,0
966647,1
323,2
803875,2
402047,1
534219,2
703000,-1
671584,2
559320,2
188050,2
887516,1
645866,1
466328,1
415728,1
503003,0
298164,-1
633000,-1
512067,2
235641,0
343381,2
733240,1
136832,2
389026,2
852347,-1
25002,1
294027,1
648266,-1
810469,2
224435,0
952397,-1
12004,-1
185013,2
486832,1
86045,1
133514,-1
799864,0
781356,2
866735,1
788791,2
907298,2
930620,-1
580848,1
438124,1
400009,2
956741,-1
748695,2
831576,2
683218,2
531715,2
555874,2
672398,2
293081,2
506419,2
776853,2
857439,0
860763,1
169809,2
410150,-1
776743,0
830459,-1
612043,2
247011,-1
404518,2
997644,0
111741,1
921727,2
921922,1
349946,2
632649,2
10315,1
448017,-1
561814,-1
88851,-1
317861,-1
419424,2
185650,-1
931895,2
893553,-1
159886,2
48509,-1
697646,-1
260134,-1
958366,1
497671,2
890683,-1
219061,-1
50736,2
742031,0
431195,2
159717,2
641424,2
423512,2
229137,1
798844,-1
693406,2
371036,2
211835,-1
757133,0
937342,2
977747,2
333823,2
669775,0
260295,2
677043,-1
477036,2
194820,1
833593,0
737103,2
838487,0
14362,2
433532,-1
375715,2
274541,2
115978,1
905000,2
343053,0
168437,2
794305,2
149132,0
255482,-1
786652,2
18795,0
261144,-1
2575,0
477704,0
645226,2
613988,2
141972,-1
863542,-1
922667,2
419431,1
960388,-1
853322,2
622813,-1
785330,-1
810188,1
53815,2
818404,0
747464,2
754308,1
128943,0
996229,1
964585,1
959469,2
354761,0
102989,2
67926,0
122021,-1
549342,2
446441,2
196355,2
589487,2
70611,2
683684,-1
978725,2
13287,-1
809747,2
838185,0
647188,-1
616174,-1
754798,1
620739,0
644772,-1
96841,2
818549,-1
24845,2
397713,2
924727,1
164077,2
442722,2
583077,2
840571,2
415337,-1
148578,2
239214,-1
521908,2
947679,0
227844,2
701507,0
617736,1
509196,2
585430,-1
839425,-1
414230,2
916592,0
705572,0
282147,2
201741,-1
464689,2
506099,0
315331,0
258435,2
910541,-1
394712,1
424092,-1
204080,1
744870,2
644004,2
107636,-1
661174,1
19909,0
927163,2
358829,2
186937,2
98072,2
43449,1
996972,2
365705,-1
27742,-1
165638,-1
419439,2
254018,2
980316,2
849752,-1
601238,-1
763081,-1
767129,2
292040,2
800470,2
408830,-1
902403,2
495974,-1
97966,2
612358,-1
601862,2
484009,-1
24147,-1
545781,2
404273,2
459068,2
706804,-1
570687,-1
611072,1
985616,2
164701,0
599031,2
291016,2
871590,-1
375923,2
625713,2
544267,2
597520,-1
201908,0
779450,2
41388,1
324210,2
527518,2
995095,2
68508,0
645526,1
803925,-1
310865,2
243590,-1
739831,2
838039,2
93918,2
115526,2
164262,-1
727311,1
735220,1
468210,-1
689122,1
53596,2
799186,2
101084,2
30439,2
810252,2
821303,2
292964,0
302407,2
271892,2
732321,2
447410,-1
803265,-1
196513,2
365268,0
202213,-1
325954,2
969878,2
626863,-1
549662,2
583897,2
81079,2
74615,2
390771,2
921683,-1
260545,2
746062,-1
523766,-1
369387,0
387902,0
407975,2
843647,2
668518,2
259924,-1
823007,2
133194,-1
999383,1
844853,-1
811166,-1
700248,-1
312802,2
703577,2
842529,1
133240,-1
637996,1
242561,2
970006,2
651603,-1
339673,2
675644,1
793976,-1
162961,2
469570,-1
681176,2
887401,2
891406,-1
751950,2
965377,2
773946,1
84122,2
845066,2
389748,2
837821,-1
967629,-1
864765,0
266087,0
41710,2
112134,-1
513080,1
452254,0
564272,2
876098,-1
273845,2
343129,2
622330,2
296515,2
199651,-1
265010,1
124863,-1
619557,2
500287,2
366450,2
626887,2
426254,2
535685,0
617761,2
616786,2
863271,2
516407,2
148449,2
849472,2
665945,0
479060,1
736724,0
288008,1
638394,2
779022,-1
951766,0
535506,2
202738,-1
863224,2
870370,0
721194,-1
981141,2
252336,-1
77169,-1
68528,2
38903,2
256464,2
11425,2
898966,2
860813,1
873715,1
81184,2
106630,1
203802,-1
904553,2
793878,2
727291,2
659013,0
170414,-1
545030,2
935399,2
720843,2
24407,2
368110,-1
503818,0
556178,-1
905326,2
337724,2
69700,-1
114542,2
160079,1
903579,-1
646349,2
161942,0
598614,-1
663644,2
329622,1
263883,0
296398,-1
566777,2
158516,1
764934,2
404621,2
803119,2
610999,0
737690,0
312628,1
712615,0
188749,2
814343,-1
988637,0
880191,-1
280042,0
630479,0
46849,2
667139,-1
445425,2
136052,-1
811010,2
170283,2
900662,2
493441,-1
94212,2
753640,2
312169,2
202533,-1
102614,2
619990,2
86350,2
63121,0
121852,0
600352,2
124929,1
75897,2
574497,2
24804,2
596222,-1
906004,-1
539619,-1
110125,-1
448051,2
790726,-1
822650,2
381243,2
730979,0
936649,2
587095,0
612202,2
429050,-1
700694,2
851416,2
547091,2
51713,-1
125090,2
81094,1
46987,2
10385,-1
660879,2
815867,2
182651,2
13152,-1
612985,2
668026,2
286216,1
872878,-1
346203,2
717045,0
118481,1
67795,0
965112,2
942456,2
49607,1
336321,2
220175,0
218973,2
458027,-1
932536,0
239165,2
473283,-1
10468,1
965411,-1
733655,-1
383468,2
796762,2
184596,-1
327092,0
158124,-1
998269,2
332356,0
495084,2
610404,2
478417,-1
599073,0
476278,2
433925,-1
184487,1
899620,-1
237593,2
637818,1
487541,-1
323186,-1
767342,-1
897943,2
893076,2
227111,0
484479,2
142536,0
511856,-1
486621,2
793118,2
350625,1
875997,2
520873,1
980231,2
486454,1
790783,0
119066,1
795590,0
703949,2
226753,2
497219,-1
133965,2
108181,0
574156,0
510374,-1
547861,2
154116,0
445954,-1
997533,0
624946,2
463357,1
912071,2
789575,0
733504,-1
921494,1
182771,2
577188,0
77565,-1
13576,2
850213,-1
233403,0
158376,2
42715,2
125277,2
794752,0
738883,-1
646317,-1
908688,0
767328,2
771691,1
259880,2
825122,2
884467,2
787682,-1
609778,2
737682,1
908388,0
424425,0
323128,-1
628679,2
678862,2
838507,-1
205713,1
681150,-1
7572,2
941573,2
274509,-1
684872,0
370024,2
291351,2
155280,2
493518,2
955736,1
475150,2
814784,2
934550,2
236229,2
868776,1
724046,0
948949,2
383876,2
131974,2
986064,0
428108,-1
926841,1
494582,0
781163,-1
92910,2
486,-1
491939,0
53227,2
800250,-1
253165,2
31100,2
457211,0
164443,-1
646128,2
26297,0
641969,-1
593800,-1
256579,0
805014,0
418189,1
640885,2
497723,2
627483,-1
654700,0
237079,-1
432087,2
572031,2
962862,2
73015,2
308754,2
686614,0
620529,-1
342626,0
875135,-1
135651,2
566883,2
708737,2
771565,-1
146085,0
713094,2
540959,2
824998,1
387636,2
6977,2
581176,-1
272574,0
312899,2
405772,-1
423226,2
15617,0
73801,0
581076,-1
763519,-1
916909,2
646077,-1
551261,2
182472,2
180047,2
986479,2
238659,2
76266,-1
98479,2
177204,1
298152,2
328729,1
297260,1
567264,2
329437,-1
985621,0
789426,1
246326,2
933736,2
378617,-1
254499,1
174922,-1
312720,2
568863,2
903966,2
730989,2
191303,2
261053,1
179969,2
411209,1
293338,-1
224041,2
627912,2
763334,0
769155,-1
93337,2
802385,-1
42183,2
407596,2
368054,2
618952,0
648741,2
877147,-1
996306,-1
154289,2
333682,0
746454,0
504683,0
455348,0
744762,-1
153848,2
429721,-1
460217,2
622753,0
925836,2
140313,-1
498154,2
848278,0
694120,-1
614569,2
511015,0
56117,-1
97915,-1
684968,2
290122,2
896238,2
105501,0
155182,2
243396,-1
425069,-1
3804,-1
92161,1
360732,1
850932,1
20149,2
695895,2
972635,2
986282,2
568549,-1
434652,1
507521,2
263473,2
267646,2
149939,2
274077,2
776304,-1
370879,0
404861,2
204227,2
819486,0
142966,2
818701,2
274044,2
665722,1
421305,-1
704236,2
349774,2
635513,-1
652424,0
146233,0
676332,-1
696485,-1
474898,0
939207,0
135234,2
4494,2
678001,2
505970,0
656254,-1
552023,2
561933,0
885448,1
284977,2
455946,2
891808,2
349787,0
598581,2
327527,2
631112,0
780626,0
617439,1
778454,2
411141,-1
694508,0
451340,2
200823,-1
252827,0
997245,2
593241,2
150780,2
701541,2
342006,-1
182752,2
597528,2
979212,-1
730965,2
705732,2
852885,2
567968,2
58159,2
485485,0
270505,2
221568,2
261639,2
493242,1
988625,2
127890,-1
582873,2
596848,2
653100,-1
681574,2
228139,2
121922,2
941781,2
169175,-1
253167,2
715413,1
15656,-1
825086,-1
207315,2
823519,2
369940,0
359076,0
802295,-1
44252,2
230042,-1
663144,2
235342,0
948529,1
649033,2
622688,0
500735,2
295382,0
982200,2
349178,0
395381,2
544107,2
538241,2
591984,0
45181,2
708342,2
950412,-1
118586,2
833509,0
694880,-1
501069,0
537327,-1
736909,-1
777838,2
14607,2
198247,1
532727,-1
971954,0
506983,-1
740265,2
628974,2
273978,2
890446,2
555626,2
266376,0
555259,2
605751,-1
642647,-1
8695,2
288654,0
420856,2
822637,2
495623,2
444782,0
598329,2
581704,2
274996,2
185975,-1
6500,0
4922,2
314724,-1
864689,2
890303,2
298217,2
58759,2
665061,2
711365,2
53886,0
639109,0
955199,2
56403,2
986454,2
725929,2
308560,0
63259,2
893580,2
910594,-1
635622,2
332270,2
230361,2
970928,2
987005,-1
599243,2
415291,-1
353090,2
571695,1
442038,0
766968,-1
572932,-1
770249,0
380515,2
308454,2
870967,0
35630,-1
809561,2
51932,-1
937854,2
845936,2
48136,2
337375,0
129260,2
651061,0
949433,-1
38474,2
780400,-1
900148,2
717361,2
315768,-1
1094,2
371575,0
334703,-1
347301,2
333023,0
760539,2
986393,2
113410,2
533841,2
646375,1
208765,-1
874552,2
581056,0
564133,2
238576,2
771517,-1
569298,1
362439,0
313524,2
453646,-1
267618,2
552103,2
922833,-1
161548,2
547728,2
882173,-1
196745,2
329376,-1
561279,0
152362,2
577289,0
569331,2
797033,-1
697697,0
705751,2
780961,-1
607260,0
56078,0
233570,0
900516,0
526766,0
950781,1
445119,-1
299523,0
700364,0
638191,1
746929,-1
585971,2
568079,2
102283,-1
154483,-1
870534,-1
367520,2
483579,-1
846473,1
863386,2
448491,2
879144,1
661533,2
778544,-1
26334,1
568606,2
694622,1
176767,2
787826,1
765977,2
79002,2
628012,1
468570,2
989146,1
458415,2
677605,-1
896052,0
689114,2
743964,-1
562549,-1
609521,2
769546,0
936010,-1
28321,2
907350,-1
15176,2
619727,2
755696,-1
659339,2
868242,2
878577,0
27645,-1
94375,2
96253,0
106662,-1
927688,2
174681,2
5808,0
562069,0
697588,0
323681,-1
767676,2
23872,2
901914,0
940000,2
152867,-1
174045,2
952247,2
420045,1
219993,-1
384450,2
284022,2
281768,0
969999,2
692396,1
566712,2
397080,2
400965,0
553873,1
314655,-1
210043,2
66392,1
888438,2
42015,2
155936,-1
456964,0
100619,-1
165244,0
918091,0
225368,2
809620,-1
543287,2
858075,2
342041,2
501333,2
688842,-1
259862,2
844239,2
939482,2
851282,0
782419,1
156502,-1
411451,2
778098,2
748621,-1
991104,2
429100,0
242868,2
383918,1
665976,2
464303,2
136987,2
210063,2
931052,-1
726315,-1
430258,1
366927,0
303238,1
485960,-1
300485,0
486143,2
487258,2
86791,-1
483979,2
557002,0
651130,0
240130,2
854919,1
126330,2
959514,1
669369,-1
906463,-1
251017,-1
17936,1
275097,2
973737,2
398175,2
549419,1
830932,0
62153,1
836743,0
688979,2
467710,0
786829,2
475922,0
756330,2
129546,2
283112,0
177141,0
27227,-1
991302,-1
769041,2
982553,2
882621,0
953530,2
834944,2
561470,0
384297,2
521834,2
878776,-1
800561,2
332192,1
626665,2
720978,2
471603,-1
840316,2
270413,2
666499,0
934904,0
750005,1
370595,0
93511,0
389325,0
285464,0
537960,-1
523402,2
453346,2
286755,2
735544,-1
737829,2
866869,-1
887135,2
539693,-1
912791,2
32937,2
607228,1
678005,-1
547998,2
111384,2
135862,0
585961,-1
851295,2
876430,2
161949,0
265741,2
469560,0
625147,0
843557,2
246532,2
397532,0
363915,2
535584,2
195696,-1
432742,1
45471,2
147931,1
351920,0
728240,-1
15379,2
138964,2
406562,1
673979,-1
6599,2
3316,2
963207,2
292792,2
715826,2
901330,0
658591,2
700745,2
684686,0
585044,0
72912,-1
292080,1
775106,2
429183,-1
79809,2
710041,2
359322,1
558178,0
883974,1
796425,0
792125,2
603149,0
412743,1
899120,2
77176,0
48054,1
744133,2
792380,0
450463,2
923478,0
825217,2
92054,2
455204,1
166549,-1
864815,-1
736961,2
495799,-1
988766,-1
440864,2
7273,0
114016,2
713565,1
713129,0
681654,0
633587,-1
489731,2
71236,2
954902,2
608676,2
841621,-1
938387,-1
96791,2
336255,2
654234,-1
568095,2
297199,2
63520,2
146672,-1
156613,-1
209688,1
233240,0
635250,0
818370,1
250804,1
472432,-1
526619,1
932140,-1
678223,2
499800,2
94093,2
975989,0
546488,2
823328,-1
83230,-1
613657,-1
465639,2
37735,2
508126,2
338723,-1
216769,2
924616,-1
128444,1
781378,-1
161766,-1
629937,-1
448114,2
337455,2
928110,0
348665,2
925085,2
350345,-1
255901,2
798119,2
649555,2
678457,-1
127945,2
306053,0
429997,2
84686,2
178031,-1
433817,2
727081,1
92555,2
736073,2
684291,2
208436,1
631966,-1
632170,2
552169,1
700411,0
398682,2
864408,2
791122,2
311939,1
212992,2
439770,2
888670,-1
246648,0
52909,2
185340,1
954861,2
312141,2
779676,-1
501230,1
655913,2
869690,2
692291,-1
7733,2
323305,0
522534,2
255257,2
342294,-1
336712,0
847143,0
958883,2
32011,0
645444,-1
591370,2
921487,0
213184,2
191035,-1
486019,2
967576,2
485397,-1
274091,2
971373,-1
80530,2
441388,2
219687,2
589095,2
717337,0
309919,2
624761,-1
538959,0
933506,0
255735,2
960885,0
547227,1
955114,1
490235,-1
30625,2
344466,0
352351,-1
91361,0
644448,2
321910,-1
294122,1
502744,2
450547,0
952430,1
917415,0
546639,2
498408,2
19737,2
89008,2
401448,1
117558,-1
713838,-1
52888,2
692934,2
211232,2
738012,0
430717,1
429013,1
622733,0
175296,-1
208540,2
341637,0
980407,2
747972,0
10675,2
413483,0
492601,2
440868,1
179308,-1
850302,-1
994884,2
280069,2
225213,2
383465,2
495245,2
457142,2
918082,2
850665,2
119798,2
197624,0
419286,0
66539,2
937594,2
458056,-1
391586,2
537905,-1
940773,0
63636,2
350290,2
399262,1
879570,-1
242644,-1
360419,2
702569,0
195816,-1
757711,2
927763,1
709644,2
713965,-1
645834,2
917740,1
102859,2
302987,2
533731,2
989796,-1
998974,2
238041,2
849413,2
277751,2
42975,1
243718,2
993297,1
162328,1
341635,2
650311,2
244956,2
203918,1
474921,0
111066,0
706768,1
701078,1
469942,0
396077,0
930734,-1
769160,2
324,-1
685392,-1
195255,-1
132265,1
232617,-1
671491,0
24200,2
670870,0
187081,2
740680,2
183014,0
1002,1
437581,2
13562,-1
525771,1
484704,0
435190,2
563240,1
980945,2
71688,0
43993,0
674237,1
609692,-1
994995,2
17950,1
660705,1
488065,2
718541,2
789782,2
774504,-1
942387,1
913856,-1
68822,2
498872,2
282396,-1
607114,2
293524,2
67727,1
926215,2
237135,2
13937,0
105223,-1
989572,2
548324,2
565886,2
319852,-1
958100,-1
343719,2
731863,0
603466,2
119608,0
692785,2
764412,2
853757,2
822612,2
400706,-1
506377,2
676465,-1
528708,2
426419,0
540054,2
912100,0
274630,2
554174,0
905680,0
418450,1
418141,0
307012,-1
890324,2
682705,2
379783,2
843593,2
22034,2
616085,0
672236,2
440264,2
162520,2
571452,0
178299,2
187726,0
162956,2
650239,2
285695,2
62508,-1
601101,-1
888833,0
452911,2
532091,0
647934,-1
205997,-1
376530,2
491158,0
670340,2
63710,1
373166,2
123762,-1
949504,2
282697,-1
796241,0
968995,-1
114369,1
505454,-1
804838,1
254338,0
357839,2
356216,2
27874,2
985071,-1
718353,2
10863,0
519963,2
398011,0
858431,0
781976,-1
647740,-1
509315,2
180805,2
153440,-1
721700,0
665905,2
425155,2
592618,2
604000,1
706419,-1
626332,0
675525,0
35335,2
879999,1
695422,-1
282559,-1
347486,0
237897,0
83693,0
434463,2
936349,1
467990,0
339981,0
998342,2
769234,2
812406,-1
325242,-1
274653,1
141806,-1
239144,-1
537273,2
147807,2
207974,2
357314,-1
789590,0
752831,2
719483,2
717031,-1
744804,2
912022,-1
541124,2
999263,-1
986822,-1
397991,1
819649,2
917021,-1
742017,-1
68689,1
233448,1
391815,0
625916,1
602874,2
384242,-1
248317,2
597775,1
505736,1
830762,2
268977,1
169209,2
674056,2
303834,-1
893012,2
950264,1
155098,-1
643801,2
37382,2
239109,-1
811745,2
307324,2
651589,-1
728961,2
995965,0
32617,2
345264,-1
670510,2
187322,0
643839,-1
656403,1
407063,-1
456801,2
279241,2
173656,2
140144,2
695410,0
342379,2
904821,0
102149,2
315058,-1
443380,0
328359,0
822742,1
363827,0
369444,2
15004,-1
425757,-1
795670,2
994106,1
521233,2
629606,-1
428345,2
376182,1
557421,0
351678,2
566520,1
951080,-1
431383,2
164681,2
711690,-1
487536,-1
12892,-1
93856,0
616594,2
55340,2
977890,-1
767055,2
449932,0
916728,2
116029,2
385866,2
560183,-1
264529,2
410097,1
759381,2
846166,0
975978,-1
73908,1
564366,2
218212,2
774290,1
468930,0
692526,0
425303,2
907670,2
345212,2
686682,2
130895,2
78847,2
813529,-1
512340,2
643621,2
492385,2
105981,2
106267,1
395551,-1
133092,0
62304,-1
773877,-1
261474,-1
2066,2
880642,1
168822,2
291414,2
518500,-1
474278,2
250041,2
369792,2
549105,2
735919,2
415660,2
390548,2
586365,-1
801663,2
21444,2
429715,1
485778,-1
353052,2
39102,2
874377,2
582519,2
714029,2
562887,-1
161206,-1
242518,2
333341,0
526794,2
862925,2
964831,0
141282,-1
642970,-1
437390,0
251594,0
3947,2
782071,0
876155,1
518691,0
571034,-1
57352,-1
444558,2
44613,2
583126,2
516278,-1
599097,2
144626,2
362282,-1
465505,2
781993,2
840724,0
385584,2
332709,0
913766,0
49767,2
416908,-1
607640,2
642312,2
66809,-1
55451,2
776252,2
146193,0
839366,2
579210,0
597687,-1
619476,0
414013,2
380700,-1
896367,2
334698,0
314624,1
991473,1
549413,-1
242209,0
969368,2
348883,2
418492,-1
470540,-1
458378,1
109266,1
796016,2
146189,-1
908598,2
305829,0
150626,2
314295,-1
785092,0
349953,1
315604,2
719053,-1
625475,2
904281,-1
864899,2
98191,2
393935,2
976682,-1
115902,-1
714477,-1
904871,-1
40002,1
196167,0
876677,2
639041,2
658238,2
118538,-1
585684,0
212373,2
439871,1
372248,-1
808291,2
740677,0
286600,-1
39137,-1
242134,0
789533,-1
974607,2
121892,2
925466,-1
659381,2
71947,0
619589,2
538261,2
401624,2
592687,2
770681,2
655254,0
803295,2
770982,2
841939,2
773430,2
910369,2
529946,-1
453960,2
199412,1
928138,0
89026,2
936076,-1
48194,1
543968,-1
428811,-1
199176,2
308647,-1
472164,1
14347,2
792863,-1
730475,2
302030,-1
729730,2
355810,2
520559,0
116986,0
242175,2
214431,0
627510,1
372797,2
821047,2
859883,2
184039,0
575649,2
406507,-1
208568,2
371985,2
440835,2
647629,2
897754,0
802877,2
254620,2
306648,2
80762,2
65253,2
221872,2
655251,-1
400521,0
899111,2
213627,-1
32882,2
127013,0
296021,-1
246508,2
881303,-1
877621,2
913736,0
28168,0
616816,1
337927,0
60850,2
382625,1
306424,2
125916,2
887268,2
646241,0
833300,0
640993,-1
185928,1
723717,2
161924,2
653426,0
326871,-1
23219,2
694941,0
511624,1
713841,-1
757148,2
233609,-1
481699,2
788178,2
258840,0
180910,2
143846,-1
397187,1
735956,2
697066,-1
398754,1
159756,-1
583833,-1
347170,2
840626,-1
976083,0
936082,1
707118,1
230817,-1
647480,1
886880,-1
669722,2
89211,2
965203,0
205053,2
792494,2
810157,-1
244378,-1
953700,2
823363,0
643295,-1
844388,-1
111866,-1
891158,0
658186,2
376161,2
733882,-1
524949,2
754796,0
747068,1
260344,-1
341280,0
833793,-1
456224,2
942777,2
813648,1
703664,0
454700,0
774633,0
713981,2
439771,-1
877051,0
557810,1
999361,2
541390,1
843489,2
864943,0
624938,-1
672160,2
651084,0
657393,1
730399,1
507652,0
836399,2
231,2
141372,0
67600,1
486188,0
788413,2
163707,2
175537,2
899924,0
387467,-1
300294,2
263648,-1
546601,1
208409,2
988785,0
460408,-1
596290,1
152927,1
330596,-1
813049,-1
29924,0
966487,2
211780,-1
934971,2
396644,0
389863,2
151900,2
529295,-1
197911,1
795755,-1
826090,0
10291,-1
827586,2
342303,2
467556,-1
237893,-1
182715,0
523321,1
363106,2
23004,2
928252,2
391847,1
675665,2
348827,-1
729449,-1
232059,1
171354,2
161420,1
920419,-1
125728,2
529144,0
38443,2
923595,2
281501,1
755722,1
34877,-1
948297,2
655292,-1
624662,-1
617813,2
872665,2
251854,2
836359,-1
798768,2
922488,2
446131,2
711942,0
132672,2
117315,2
786925,1
88937,-1
841709,-1
764509,-1
263838,-1
903611,-1
135121,0
144821,2
632162,-1
360173,-1
448103,2
678866,2
415234,-1
724647,2
665309,2
957065,1
224939,2
133760,-1
402953,2
647958,-1
973496,0
211487,-1
970549,2
322361,0
758055,2
34105,1
684967,0
167784,0
645719,2
183603,-1
644988,2
417921,1
634015,2
855655,2
364166,-1
818184,-1
637913,-1
584433,0
54701,-1
417381,-1
883513,1
518360,2
599938,2
638621,0
961715,2
697302,-1
167532,2
65065,2
872916,2
199128,2
977732,0
387630,2
42462,2
349811,0
534173,2
785799,-1
403726,2
504476,2
32252,2
440593,2
892685,2
536460,2
806307,2
670875,-1
681122,1
781879,-1
247068,-1
112810,0
603763,2
340383,2
401550,-1
397696,-1
292460,2
46055,1
922725,0
420119,2
345844,2
495305,2
575462,2
353591,1
697999,2
645309,-1
775388,1
616411,2
137885,-1
451960,-1
789115,0
477120,2
471531,1
643397,2
981119,2
905720,2
527327,2
214262,0
764356,-1
285265,1
109031,2
889920,2
918544,2
345862,-1
626861,2
407425,2
112891,-1
892965,-1
500622,2
359206,2
132398,2
141932,0
27158,-1
312699,2
641045,2
548793,0
614023,-1
195809,1
462314,0
505590,0
475827,2
347787,0
246778,2
974119,-1
585186,2
76203,2
637597,-1
999983,0
465780,1
735013,-1
290151,2
347870,2
446311,1
408612,0
196509,2
129739,-1
624840,-1
806364,-1
616197,-1
376651,2
568226,2
51453,2
646773,0
462459,-1
932633,2
420183,-1
992903,2
968742,2
345859,2
890862,2
674121,1
268219,2
7655,1
497236,2
186163,2
706987,0
128531,0
315675,2
746780,0
968654,0
252133,2
53344,2
933095,-1
161392,0
694317,-1
682757,-1
583969,2
230320,2
927233,-1
702609,2
449579,2
52493,-1
275488,-1
308521,2
960368,2
275530,2
833217,2
800449,0
244138,2
642606,2
370237,-1
36966,2
12748,-1
465047,1
688977,-1
843598,1
790157,2
242160,-1
628826,2
446288,2
322424,0
803087,2
634079,2
825627,0
961667,1
33808,2
198272,2
990123,2
469488,2
463957,2
880361,1
584773,2
374553,1
183275,-1
113375,2
190844,-1
795230,2
444102,0
259635,0
497056,-1
205201,2
830570,2
177632,2
874661,2
204768,1
426709,2
666101,0
728666,0
622683,2
539304,0
490246,0
862832,0
91092,-1
629284,2
581779,0
767922,0
207825,2
488877,2
290673,2
587933,0
12343,2
991667,2
366178,0
990370,2
345018,2
900182,-1
23133,0
813652,0
155474,-1
265814,0
976781,2
853893,0
125784,2
722067,2
203641,-1
455687,2
21780,-1
739736,2
663336,0
669160,-1
99220,2
736519,2
162533,2
272392,2
809568,2
408446,-1
293618,-1
614427,0
448949,-1
434123,1
694186,-1
480120,-1
343589,2
595575,2
880717,2
302744,2
631761,2
706535,1
121619,2
177940,2
94004,2
300637,2
324458,0
336980,-1
3151,-1
390611,2
336024,2
811013,2
920143,-1
824716,-1
453544,2
368830,0
556824,0
744397,2
647697,0
539985,2
399389,1
715168,1
784741,0
117318,2
568817,2
377392,0
111643,2
8723,-1
262101,1
551225,-1
377121,2
388278,2
387855,2
396758,2
821375,1
307577,2
11874,2
152947,1
373196,2
681799,2
195033,2
470515,0
542193,2
786188,0
952036,2
782706,-1
232723,2
443670,-1
685079,2
276015,1
373750,0
956265,2
847491,0
511736,2
301549,-1
491260,-1
502197,-1
972927,2
740869,-1
519113,2
573875,2
858962,0
528969,0
570551,-1
883034,-1
169392,1
269695,2
47454,0
391822,1
628083,-1
644328,2
436950,0
26551,2
647139,2
179680,2
363692,0
483048,1
540983,1
788092,2
205106,-1
785011,2
33426,0
338299,-1
240223,2
514220,-1
767021,1
458376,2
871950,1
648034,2
302254,2
638987,2
543051,-1
518964,2
205963,2
895438,2
838812,2
396598,1
9385,0
53503,-1
857881,-1
899149,-1
983942,1
717325,1
193613,2
287333,-1
242144,0
966042,-1
167148,0
3451,2
223188,-1
571929,0
484537,1
261371,-1
333480,-1
717182,2
18369,2
239212,0
713047,1
896499,0
19234,2
576063,2
865976,-1
865858,2
214133,1
7500,0
461792,2
909060,1
896636,2
923236,2
363209,2
943350,2
23718,2
732753,-1
436406,1
226552,2
995707,-1
860633,2
283389,0
828750,-1
750985,-1
10691,2
968989,2
283169,-1
479441,2
49000,0
895112,-1
89198,2
731498,1
873492,1
748686,2
493732,2
666504,-1
291794,-1
591070,2
399545,-1
898448,-1
655033,-1
653524,2
933765,2
98740,0
701254,1
460181,-1
750030,0
745890,1
633094,2
885609,-1
642211,0
893929,0
233330,2
187583,2
1778,0
468742,0
757706,1
197401,0
145207,0
969010,-1
93645,2
262801,0
874333,1
593952,2
874815,1
792528,2
96606,1
104081,0
951844,-1
240191,1
741518,0
490704,2
787476,0
356997,2
804006,-1
873876,2
623346,-1
987897,1
914419,1
412157,2
2028,0
605102,2
749238,2
307392,2
397422,-1
338237,2
80541,0
449512,0
294833,2
413620,0
387693,1
450373,1
589886,-1
516932,1
581483,-1
346955,-1
734933,-1
288357,0
303455,0
224575,2
576795,2
15284,1
573941,2
919384,0
719494,-1
24551,2
183366,2
336178,-1
634250,0
609196,0
974078,1
839965,2
232062,2
924312,1
575336,0
124851,2
806164,-1
732761,1
500599,-1
412117,2
906349,2
913803,0
393406,-1
189856,2
310554,2
919892,2
569801,2
817363,2
440342,-1
720834,0
406014,-1
142478,2
759688,2
371839,0
628608,2
488708,0
498562,-1
43007,0
466461,2
103442,1
685532,0
488405,0
681057,2
353092,-1
284569,0
395034,2
366099,2
577799,-1
854121,-1
264258,1
349261,-1
122095,2
910800,2
638147,2
101951,2
309070,-1
570235,2
59157,2
669686,-1
558941,-1
51268,2
991319,1
514870,0
52275,1
44216,1
326352,2
930456,1
837886,2
425286,0
354627,2
590555,2
540462,-1
981998,-1
135020,2
981661,2
805343,1
776590,1
700547,2
575771,2
810435,1
107181,2
122281,-1
556956,0
77126,2
290670,0
517369,-1
808687,2
114203,2
15842,2
102935,2
23002,2
404865,2
567081,0
211891,2
619002,-1
684757,-1
179146,2
935520,0
824330,-1
150637,2
119377,0
768227,2
149919,2
669199,1
185722,0
336736,2
544432,2
461608,0
543004,2
34682,2
92880,0
215890,2
888835,2
181401,0
189154,2
872090,2
845259,2
218304,-1
567409,0
399514,1
672209,0
4403,1
445740,2
464276,2
886163,0
187666,2
160670,-1
285723,-1
272753,-1
170877,2
698764,2
132467,-1
39110,2
606934,-1
17095,0
13523,2
462723,1
389239,0
587505,2
690523,2
253146,2
167461,2
716193,-1
754194,-1
937593,2
795201,-1
941129,-1
951756,-1
541050,2
676119,2
383346,2
318732,-1
177261,-1
374551,2
335242,-1
669156,-1
147257,0
631258,2
577768,1
556221,2
172964,-1
767518,0
905221,2
937706,-1
676551,-1
411028,0
968883,2
65085,-1
974176,2
281304,2
860156,2
885791,-1
174569,0
674895,2
70824,2
604290,0
927676,0
731245,1
143452,2
342692,2
871087,2
761613,-1
798311,-1
635795,2
700014,0
791049,-1
279700,2
507646,0
444407,2
465916,1
134834,-1
852541,1
962364,2
176463,2
992510,0
975849,-1
420299,0
704863,0
421447,1
935240,2
461836,-1
819440,2
419330,1
535890,2
841407,-1
826224,0
546860,2
624360,2
587419,2
389504,-1
860824,2
793887,2
945522,-1
436399,2
797196,2
642292,2
258901,0
233757,2
875599,2
860413,2
922066,2
719718,0
667210,2
954662,0
593300,-1
491493,2
943128,2
670317,-1
550089,2
152533,0
725903,2
685530,-1
679978,2
247717,-1
803475,2
776944,-1
232693,-1
752730,2
526205,1
831699,-1
739965,2
251342,0
718512,1
816966,2
903146,1
891315,-1
787078,2
21589,-1
322283,-1
867456,0
22847,1
520018,2
767439,-1
808874,-1
257679,0
635476,1
336477,2
398328,0
386898,-1
559407,2
658452,-1
64700,-1
636423,-1
906223,-1
773709,2
441850,1
133043,-1
553119,-1
632138,2
320905,0
975115,0
38430,-1
733245,2
384813,-1
464528,2
786000,1
684182,-1
221073,2
965970,0
691400,0
691422,2
63149,-1
94816,1
613499,-1
910979,-1
50617,0
529874,2
144763,0
477049,-1
718864,0
799336,2
429124,2
16399,1
389891,0
803662,1
45923,0
260020,-1
780749,2
618441,0
139969,-1
723808,1
188951,2
609927,0
98321,0
513818,2
943916,2
847508,2
425538,2
231808,0
618984,-1
810170,-1
952783,2
310439,0
955627,2
201714,2
253507,-1
336728,2
739980,2
652034,1
786046,0
338331,2
978337,2
559940,-1
930566,0
619635,2
44405,-1
436944,2
609023,0
888451,2
565182,-1
230971,2
966471,0
633801,1
596337,2
434014,2
876617,-1
60545,2
971322,2
634921,0
851954,1
717758,1
421679,2
890281,-1
665551,0
356135,0
963332,2
574829,-1
81371,2
603906,-1
468076,2
659606,2
97195,0
493580,2
880721,2
96026,-1
252046,2
856130,1
472832,-1
209090,-1
609183,2
514259,2
681249,2
25872,2
408169,2
905925,2
459544,2
913419,2
71764,-1
92104,1
74545,2
870533,0
393229,2
686549,2
299868,2
725140,2
661441,2
474203,2
242949,2
179621,2
537577,2
847478,-1
884263,-1
793221,2
819944,0
490010,0
939135,2
323575,0
893288,0
116830,2
362231,2
471844,-1
176547,1
565202,0
329502,2
638907,2
614055,1
51534,-1
945333,-1
122940,-1
469138,0
880749,2
778694,1
104364,-1
368719,2
193727,2
665192,2
565739,2
343223,1
279885,-1
892105,-1
140680,0
790521,-1
412336,2
445997,2
779795,2
681616,2
367686,2
506370,2
132168,2
759108,2
607329,2
833214,2
989639,2
381419,0
152267,1
84283,-1
983881,-1
657049,2
460356,2
700177,0
724623,1
269340,2
535460,-1
552058,2
163554,0
243130,1
943320,-1
931056,2
574005,0
321998,2
313038,1
651974,2
744160,-1
911544,2
28314,-1
420118,2
865942,1
782992,2
175154,1
65902,-1
787883,2
791692,-1
207757,2
976442,-1
758755,-1
867625,1
607007,-1
938596,-1
994970,-1
528695,-1
534510,-1
661942,1
715352,2
786120,2
840591,-1
649191,1
229841,0
783682,-1
218198,0
446581,0
936827,2
152582,1
728227,2
11920,2
622280,-1
735540,-1
9279,1
757282,2
904522,2
347211,2
820479,2
756206,1
678920,2
440259,2
559157,-1
406889,2
388681,1
88041,2
854980,0
922520,-1
213898,2
145369,-1
860687,2
680519,-1
321220,-1
882331,0
907463,-1
335976,2
622805,0
349122,2
324368,1
581146,1
455964,2
160166,2
580239,2
18671,-1
716376,-1
979435,0
252476,2
838635,2
846835,1
981163,-1
236535,2
927987,-1
710593,0
610576,1
758414,0
18822,2
424206,-1
154236,0
729958,2
407521,1
824810,2
554576,0
996125,-1
508149,1
280895,1
110710,2
583480,2
667841,-1
949978,2
396471,-1
837179,-1
737124,-1
294524,2
641827,2
416947,-1
515505,0
588319,2
604614,-1
446458,2
37360,2
704078,-1
544705,0
63842,2
901931,1
269577,0
138417,-1
426497,2
674947,2
247478,-1
209270,0
992108,-1
255923,-1
972520,-1
942975,2
664932,2
799405,2
937887,2
173729,0
485359,-1
134379,2
760079,2
398627,2
32929,0
299783,2
44735,2
728497,-1
183312,2
94753,1
14623,2
353731,2
297818,0
713609,-1
362414,1
34025,1
704233,-1
579173,2
591696,2
315835,2
270023,2
926733,2
30642,-1
665957,2
28337,2
417278,0
50742,0
358351,1
200711,0
389793,0
454424,1
717217,2
294907,0
198716,2
606121,2
970000,2
398295,2
849951,2
971806,-1
500923,2
307702,2
960324,2
645317,2
29213,2
477346,2
299162,0
544515,2
880298,-1
612332,-1
766985,1
361680,0
302664,2
200394,1
447949,-1
99648,2
928859,0
83796,0
925802,0
294633,2
303648,2
314580,2
572088,2
200392,2
641822,2
385091,-1
556789,-1
203724,-1
296730,0
916865,0
435206,0
797442,0
586862,1
544527,0
342507,0
159414,-1
873750,1
240786,2
912315,2
430947,-1
502009,2
406685,-1
783825,2
994307,2
826534,2
958248,2
965880,-1
641657,2
250465,2
447013,2
855359,1
807064,2
986805,0
461201,2
488707,2
895905,2
801388,2
34910,2
242159,0
45534,2
976055,0
937872,0
838818,2
590122,2
21289,2
762446,0
164145,0
397452,2
95291,0
870694,0
419126,2
314286,2
951661,-1
187089,0
375759,2
679611,-1
422353,-1
886918,-1
678095,0
839278,2
379592,-1
738080,0
336714,2
1816,2
657388,-1
683321,-1
477660,1
223453,-1
421643,1
43719,2
381965,2
294032,-1
109220,2
874526,2
440019,2
927947,0
574554,2
128567,2
378707,-1
592854,2
456458,2
962041,2
750953,2
52542,0
122796,0
187289,1
265431,-1
828671,2
244357,-1
753421,2
204521,-1
14384,0
938581,2
739493,-1
272480,-1
293270,2
407620,2
221779,2
700583,-1
491385,-1
648006,2
271260,2
68436,-1
7675,2
820467,2
957518,-1
192926,-1
970423,2
960163,2
458966,0
644790,2
85869,0
775140,2
802518,1
110473,-1
640417,-1
280223,-1
494357,-1
174044,2
731471,-1
3723,2
3202,-1
549109,1
873234,0
580874,-1
56879,1
608787,0
151713,2
457952,-1
155514,2
572568,-1
471996,2
749681,2
85658,-1
509974,1
45633,-1
163316,2
168820,-1
540509,-1
203774,2
589068,1
930997,-1
327726,2
673125,2
470462,2
275391,2
723919,2
446680,2
141194,2
583867,-1
302930,2
757862,2
649240,-1
551327,1
162535,-1
715022,-1
356711,1
279120,-1
564,0
121545,2
242286,2
625921,0
216342,1
534568,-1
173469,2
451677,0
565007,1
858239,2
707167,1
581249,2
833702,-1
14926,2
448775,0
864201,2
15881,-1
57888,2
525539,2
672859,0
297051,2
413953,0
20613,-1
783978,-1
44946,2
739146,2
242763,0
427532,2
482620,0
338775,2
963222,2
853096,-1
178136,2
507896,2
872710,-1
756649,2
427921,2
236300,0
472843,2
585050,0
722000,0
652221,-1
157054,1
758676,2
842465,2
212791,1
695776,-1
699957,2
232164,0
517116,0
930064,-1
576283,-1
265567,2
17842,2
798939,0
168339,-1
106814,-1
825225,-1
360538,0
612554,1
853657,-1
98480,-1
177484,1
777232,-1
768047,2
881405,1
671404,0
329427,2
184153,0
859092,-1
456205,2
280330,2
203075,0
272683,0
102279,-1
251364,0
691018,2
171437,-1
584523,-1
352915,1
938918,0
118705,2
362862,-1
162835,-1
684924,-1
192051,2
302733,-1
338757,2
964326,-1
84507,1
785363,2
504198,2
232387,0
169990,2
191543,0
746266,2
389694,1
202010,0
693828,2
234488,2
933815,2
536804,1
568070,1
757915,2
214113,-1
430081,2
219191,2
154202,-1
265504,0
192317,2
231203,1
921692,0
582394,0
103419,1
469177,0
67327,-1
409807,2
576187,0
550239,1
648313,2
375610,-1
288718,0
661607,2
440008,2
937627,1
721289,2
287145,-1
281673,2
886513,0
407091,2
42518,2
742525,2
118175,-1
339939,2
746758,2
47529,-1
750212,2
162028,2
937194,2
491132,-1
474018,0
361042,2
799826,0
513377,0
329632,2
994041,-1
721268,-1
93850,0
610899,2
418447,2
502706,0
910420,2
103571,-1
338728,2
143979,1
908115,1
224771,0
203179,0
784900,-1
795672,2
197824,0
158701,2
863844,0
678273,2
291587,2
380473,-1
144028,2
296369,-1
100221,1
353354,-1
74660,-1
359734,2
593537,-1
461573,-1
787803,2
498737,0
700957,2
504538,2
736901,2
651995,1
853083,2
582931,2
356177,-1
140282,2
615437,2
59916,-1
358757,1
144672,0
239716,1
661831,2
795858,1
124164,2
129832,2
112460,0
242681,2
160144,-1
422103,-1
546746,-1
219843,2
151006,-1
190868,2
994821,2
531825,2
35242,2
858151,2
432143,2
12320,2
831941,-1
584499,-1
524383,-1
795138,1
152972,-1
703808,-1
620420,-1
465164,-1
384067,0
231989,2
946557,2
154720,0
948569,2
435694,1
300631,-1
702259,2
881456,2
870399,2
997972,0
662440,-1
733984,2
578706,2
232381,1
20967,-1
277542,0
191551,2
11712,2
729970,-1
937412,2
515785,2
27412,0
626724,1
718433,0
467242,2
127677,2
515849,-1
962814,2
73851,-1
448294,2
388958,-1
88600,0
815016,1
342255,1
315500,1
397781,1
497256,-1
900685,0
895026,1
837882,-1
857718,2
645914,0
429221,0
733705,2
644143,2
168585,2
823781,2
732801,-1
484639,2
144983,1
558804,0
78602,-1
509354,2
59464,2
702425,2
194139,1
354470,0
697242,2
959223,-1
925997,-1
964409,-1
552441,0
704720,2
637471,-1
392090,2
429352,0
418244,1
212699,2
433115,2
596894,0
744616,0
700389,0
499577,2
939324,2
444327,1
899081,-1
562893,2
430444,-1
590926,2
301275,0
341119,-1
629890,-1
292105,2
598093,2
578681,0
450187,0
806371,2
377791,0
552683,-1
310662,2
493968,2
213428,0
323918,2
659778,2
931821,2
466144,2
485827,2
576534,0
880020,-1
983767,2
307996,0
901703,2
787373,0
488684,2
138535,2
116502,0
418892,1
695046,1
601032,-1
260117,0
84408,0
438427,2
260358,0
564732,2
727187,2
126996,0
166715,-1
941101,2
963211,0
206732,-1
754664,2
991119,0
573773,2
733913,2
324298,1
286589,-1
452072,-1
574560,2
582553,-1
387930,2
106633,1
209318,2
247440,0
645123,-1
632243,2
41005,1
510964,1
126015,-1
925313,-1
946901,-1
645629,0
568781,1
966168,-1
164600,2
76245,2
54719,1
7509,1
434728,2
68985,0
889229,2
617853,1
230037,2
598028,0
934017,2
204685,-1
275992,2
365621,-1
71091,-1
972408,2
109470,2
79549,1
362284,2
87027,-1
7240,2
703452,-1
145197,2
1945,-1
712767,1
511943,1
228503,2
675038,2
850882,2
157092,-1
993050,2
190667,-1
56081,0
320095,1
124432,-1
929212,0
770494,2
759292,0
726964,-1
355876,2
932500,2
251875,2
147687,2
124352,0
567215,-1
47328,2
384546,2
714132,1
744069,2
904328,1
174271,2
946120,0
340483,1
280836,-1
44911,2
438926,1
502640,-1
613771,-1
295236,-1
651182,2
113815,0
70411,-1
770580,2
425733,0
952906,-1
859485,2
567060,-1
533881,0
470525,0
848469,-1
568784,2
877185,2
168726,-1
587093,2
987387,2
342669,0
725378,-1
487075,0
344476,1
332836,-1
767844,2
262960,-1
71648,0
529828,2
980495,2
389168,0
981338,2
795799,-1
976940,2
96321,0
41753,-1
194110,-1
504128,2
780124,0
356023,0
398872,-1
345019,2
776169,2
359849,1
311294,0
618627,0
155605,2
397357,-1
880594,-1
282389,0
8701,1
646950,2
701935,1
867236,2
169205,1
677356,-1
551956,2
239983,-1
829555,-1
90918,0
604275,1
172579,-1
9475,1
924591,-1
676803,-1
715117,-1
795553,-1
672587,-1
273880,-1
29004,2
596291,2
594134,2
684013,-1
262766,1
332492,2
33218,-1
511329,-1
626443,0
76165,2
210055,-1
145456,-1
131138,0
864046,0
226831,2
641620,0
121792,-1
593310,2
998283,1
366049,2
790955,2
484959,2
518884,1
444593,0
285948,-1
262411,2
544648,0
181962,2
29667,0
101815,1
484679,2
165310,0
991755,-1
753084,2
645827,-1
797101,1
652094,1
415350,1
988696,1
254341,2
619928,-1
733556,1
874389,0
889535,-1
18492,2
212156,0
446936,2
99337,0
366122,2
857685,-1
752290,0
784519,2
841029,-1
818114,0
391759,-1
218217,-1
514458,2
725621,2
277280,1
960351,-1
497022,2
673763,2
576817,1
113307,2
623916,0
650738,-1
647394,0
764007,-1
732898,2
391659,1
175838,-1
467890,1
648786,0
192616,-1
280107,2
231690,2
760479,2
220087,-1
27968,2
435534,-1
906542,2
682632,-1
807456,2
985511,2
531101,2
405436,-1
477213,2
440967,2
334834,0
906815,-1
478680,2
184856,1
527493,2
562159,-1
244745,2
642003,2
357986,2
46480,0
49925,2
979680,2
662792,0
75837,2
943024,2
576033,2
345642,2
634597,1
743366,2
573632,2
292228,2
843750,-1
510205,2
709542,2
228488,0
922831,1
579403,2
395851,-1
440675,-1
714011,2
679588,2
154261,2
701991,2
78214,2
807282,2
668050,2
734739,2
385189,-1
413920,2
651019,-1
255286,-1
258396,-1
931784,2
79989,2
628610,2
439993,-1
898414,-1
681341,2
150769,2
710936,-1
616628,2
811994,0
556747,2
843257,0
99188,-1
427006,0
97899,0
706552,2
717134,1
920814,2
583327,2
738594,1
506262,-1
63123,-1
929360,1
741854,2
305707,2
837793,2
742000,2
918334,1
956244,0
493656,2
155104,2
598173,-1
693350,1
858955,0
648396,1
381704,1
761694,-1
880806,1
227080,0
623268,-1
983828,2
802279,2
987980,2
211241,2
265042,2
174321,0
461455,2
399200,2
52238,-1
619713,2
219773,2
276473,-1
868018,2
758458,2
929280,2
589155,1
266361,1
914494,0
560119,2
486451,2
881623,-1
219667,-1
380317,-1
221371,1
37074,2
713540,2
548241,1
611865,2
987116,2
322192,2
216069,1
629946,2
13575,2
811195,2
265187,2
664758,2
682704,-1
403445,0
254631,1
616375,-1
772787,2
964612,0
126727,1
804398,-1
904502,2
771068,-1
996118,2
48173,0
210227,-1
236789,1
70995,2
706649,2
785152,0
905971,-1
895249,2
637993,0
626143,-1
181536,-1
462251,-1
146057,0
186483,1
955391,2
627421,1
677657,2
109807,2
2354,-1
596661,2
697797,2
449687,2
89035,1
934819,0
474445,2
499061,1
222175,2
816137,2
958446,2
451394,-1
988130,0
39619,2
531092,2
970953,1
6685,2
57260,2
339478,0
854673,2
391664,-1
105187,-1
489312,2
605384,0
345792,2
498080,2
442883,2
366507,-1
268424,2
548053,-1
816356,1
319790,2
406053,2
749147,1
860970,0
848457,-1
163149,1
133966,2
800062,2
702964,0
44870,-1
370116,2
264,2
691694,2
386234,-1
622990,1
761421,-1
550240,2
18557,2
880977,1
900311,2
290640,2
834981,-1
805937,-1
5660,1
937229,2
602273,0
756623,2
314251,1
859126,-1
625840,-1
628722,1
31683,2
637301,2
861106,2
962504,0
413768,2
509887,2
252731,-1
795288,-1
710479,1
174945,0
579830,2
229717,1
144271,2
379189,2
290199,0
200446,-1
128390,0
699939,-1
108841,2
312441,2
864148,2
950584,2
961196,2
685323,2
805401,2
698939,1
814000,2
58299,2
23273,0
995061,2
676193,1
546056,2
655182,2
69773,2
587608,2
17138,-1
280642,1
371093,-1
779346,2
818106,0
318382,1
767509,-1
777623,2
107387,0
130632,1
187272,2
566063,1
286832,2
63870,2
128230,-1
197323,2
716749,0
957299,0
274019,2
203658,-1
191203,1
267003,2
716822,1
375666,0
823132,2
377725,1
18572,1
356855,2
105902,2
827866,2
478653,0
349139,2
68048,-1
635269,0
363713,2
87799,-1
915713,0
609213,0
1868,2
777800,1
574642,0
858064,2
638221,0
480115,0
596549,2
573227,0
667910,2
269505,-1
681429,-1
980390,2
904230,0
261374,1
889016,-1
1873,0
427871,-1
574530,-1
602979,1
347948,2
282595,-1
412481,2
380725,1
63535,1
734774,2
179529,1
633917,0
894682,2
158195,2
763806,2
848639,0
194609,0
865198,2
565875,2
496725,-1
953477,2
630968,-1
737186,2
526033,-1
404501,0
558384,2
904548,2
328893,2
455263,2
411075,-1
370060,2
116665,-1
432933,1
608567,2
908282,2
66979,-1
599838,2
543212,-1
885689,-1
443882,2
876929,2
887643,2
624540,2
34911,1
580022,2
198211,0
630440,2
542738,0
871903,0
716228,2
406230,-1
668064,2
314274,0
257686,2
101227,-1
25290,2
375891,0
34010,2
40365,0
853758,1
788125,2
213338,1
180139,1
55654,0
834951,1
627875,2
251339,2
440126,1
272326,2
644600,2
398471,-1
802594,2
573749,2
52505,2
434584,2
438631,2
427939,2
915148,2
860272,-1
368060,2
774835,2
354242,2
570617,2
70495,0
135174,1
682907,2
372076,2
367591,2
815570,2
629181,0
829720,-1
221249,0
819991,1
237193,2
541924,0
27354,-1
91111,0
182572,0
84978,-1
353319,2
760882,0
166329,2
640783,0
328610,0
7783,2
610090,2
880345,2
259391,1
254046,-1
483168,2
634613,2
794011,2
864337,1
804186,2
188819,2
133114,2
302105,-1
879752,2
536387,-1
193423,2
657857,2
380045,0
594314,-1
570237,-1
670097,2
918209,-1
837336,-1
74832,1
599202,2
345439,2
597691,0
623359,2
154926,-1
543345,-1
47506,-1
968726,-1
417810,-1
143490,2
378655,2
946596,2
35342,2
622888,-1
832165,1
192832,2
97549,0
495487,0
766048,0
939033,0
138800,2
228761,2
574754,1
626985,2
433348,-1
192355,-1
963107,-1
999981,0
617958,-1
952959,1
959362,0
192609,0
66246,2
358555,2
813493,1
382756,1
199914,2
266290,2
553116,-1
993994,2
660130,2
589516,1
46337,2
514759,-1
162622,2
644185,0
739106,0
971561,-1
659698,2
151215,2
416432,2
769917,-1
788844,2
492700,-1
425952,-1
235477,2
527302,2
958454,1
602185,2
532355,0
421607,-1
479614,2
438859,0
543088,0
462257,-1
590371,0
10969,0
589424,-1
464478,-1
429596,0
798448,2
23909,-1
376272,2
923193,2
823747,1
457355,1
347052,2
66502,0
299715,-1
312547,2
826591,0
230066,2
907342,2
185909,2
964603,1
652858,2
673484,-1
659850,1
325061,2
91808,0
123801,2
513943,2
860175,0
815056,2
486326,2
855450,-1
240653,-1
757775,-1
650557,2
610842,0
399725,2
348551,0
83045,2
70637,-1
237678,-1
222133,-1
865701,-1
68152,-1
767679,-1
389088,2
575093,2
755276,0
125235,2
117833,0
850199,2
665252,1
354103,2
85482,0
96215,2
420392,2
836749,1
96112,0
442655,2
493632,2
250104,2
431638,2
260943,0
28195,0
228403,1
434759,2
609858,1
726626,0
836744,2
387382,-1
566453,2
43761,2
815572,1
127076,1
350807,2
37942,2
367769,2
374290,2
181464,2
806379,2
61948,2
531906,2
658791,2
322278,-1
901920,0
963328,-1
405596,0
11922,2
74085,2
616402,2
280716,2
798339,0
133412,2
739578,0
480835,2
529150,-1
174969,2
278166,2
773548,1
737855,2
410542,-1
211669,2
423622,2
708256,-1
448983,0
186031,1
169019,0
101779,2
650180,1
926550,0
138491,-1
391450,2
934166,0
697839,1
720023,2
971780,2
748213,2
926054,-1
308665,-1
210959,0
757381,-1
519967,2
517695,0
828619,2
786684,2
654141,2
26799,1
291929,2
482170,2
853745,2
300939,2
510814,2
167713,2
265139,0
155267,0
228872,2
384335,2
813193,-1
38282,2
183876,1
720812,1
109534,2
259492,2
246290,0
763749,2
642286,0
867952,2
8216,2
320110,-1
21464,-1
310567,0
615005,2
53859,2
297063,2
264190,-1
443998,0
757742,2
754862,2
725854,2
890956,0
321055,2
634254,1
235754,2
558955,0
65287,2
484377,2
10455,-1
286352,1
113454,1
461270,2
488570,-1
887186,2
758368,0
814188,-1
8804,2
919559,1
902551,1
836655,2
259266,-1
843290,1
89878,0
177737,2
709915,2
538854,0
916160,-1
226541,0
138347,1
189907,0
835957,2
2453,2
288234,2
892628,1
347594,2
235588,1
468709,-1
475853,1
508767,2
141974,0
505807,0
966179,-1
800564,2
897987,0
566665,2
31082,0
893407,0
497793,2
271869,0
952902,1
249204,2
425573,2
857643,2
970991,-1
820814,0
771165,1
522475,0
134378,2
208843,2
781292,2
488788,1
56755,-1
677231,2
430403,-1
492666,-1
690704,0
86820,2
729700,0
910595,2
627411,-1
544675,2
236936,2
707145,-1
723320,2
534852,0
585851,2
789872,0
489844,-1
626956,2
520654,2
466279,-1
615839,2
340614,0
578623,-1
986836,2
699946,0
491981,2
302985,-1
821321,-1
872096,0
83112,2
916902,2
74318,2
41781,1
108426,2
540514,1
350015,-1
504130,2
569630,1
48076,2
582428,2
678581,2
933542,2
204455,2
483251,2
101551,0
596456,0
98551,2
136985,0
378502,2
661017,1
631081,0
397495,2
429301,2
653053,2
873776,1
85162,0
721865,1
142098,2
957871,2
885270,2
63750,1
258944,2
86728,2
70534,2
790364,1
643306,0
298528,-1
240070,-1
445578,0
678471,-1
112618,2
838761,2
604353,-1
355764,2
829347,2
157025,-1
528161,-1
439782,-1
412030,-1
764877,-1
53914,2
197159,-1
87861,2
626983,2
852887,1
130659,1
532269,2
721124,1
207930,-1
555759,2
971279,1
303159,-1
507693,2
465871,2
934290,2
182683,-1
825197,2
436717,-1
866022,1
113016,0
244750,0
502527,1
162559,2
463464,2
763405,-1
18702,1
238567,2
704788,2
651389,2
744950,2
129143,2
384556,2
76106,2
256890,-1
520293,0
889555,2
746129,0
427951,2
731007,-1
429288,2
20860,-1
993045,2
176478,2
895762,0
569333,-1
212305,2
725658,-1
728982,-1
933352,1
484356,1
255786,-1
829635,-1
334593,2
188684,1
815072,2
442122,0
36020,-1
421230,2
627623,2
980821,-1
781008,2
645631,0
163845,2
949415,2
284280,2
961923,1
138561,0
935550,2
832262,-1
712116,2
713337,2
784039,2
702165,0
738465,2
132050,2
499967,-1
367567,2
623626,-1
825528,2
375901,0
810713,0
712277,2
102007,0
187527,-1
378155,-1
634492,1
675346,2
901159,-1
466180,1
915897,2
804521,0
145454,2
178673,2
617471,2
875322,1
129150,-1
622678,2
21744,1
704991,1
519115,2
380592,2
268542,0
291316,-1
338268,-1
239293,2
531330,-1
300066,1
50540,1
113908,-1
585990,0
752092,0
79291,1
347916,-1
864940,-1
7787,0
629207,2
575917,2
432436,2
597885,0
173756,-1
867822,-1
278415,0
528119,2
118755,-1
356576,2
748080,-1
51429,2
698409,-1
388085,0
307283,0
704405,1
812733,-1
717339,2
293579,-1
406738,1
228132,0
286368,1
577734,0
135143,-1
620854,0
369683,-1
323400,-1
417301,1
436059,2
721249,2
773767,2
333656,-1
568768,2
43272,2
938568,2
172948,1
983276,-1
803312,-1
76720,1
511620,2
512613,-1
984860,2
95573,1
850914,2
482213,2
269621,2
193531,2
595368,2
107866,2
469303,-1
818727,2
635858,2
965686,0
299643,-1
624867,1
304109,2
88015,2
26930,-1
764165,-1
830407,2
533945,2
832256,0
730474,2
142120,-1
52465,2
970804,0
415836,2
605423,0
472333,-1
248830,-1
47690,-1
816723,2
278217,-1
204745,2
100347,1
17989,0
385330,2
659215,2
575962,2
41877,0
147107,0
12509,-1
873931,-1
961460,0
991948,2
882799,1
597075,0
397560,0
922131,0
516390,-1
36679,2
355749,2
111961,2
333377,2
519677,1
292196,-1
200571,0
532693,2
696374,2
36398,2
963871,2
760952,-1
507103,0
243383,0
51662,2
788143,2
193781,2
102407,0
76051,2
41988,2
29210,0
733080,2
985373,0
872691,-1
49560,0
198799,0
601351,-1
767895,-1
88166,0
272120,2
761653,1
439734,0
225986,-1
271947,0
20794,-1
172350,2
93349,2
207577,1
193393,0
919838,-1
303267,2
215238,0
753001,2
860932,2
731781,-1
772579,0
945782,2
565594,0
668399,1
187894,2
24733,1
127237,-1
57546,1
813037,-1
365946,2
486202,-1
226177,-1
83339,2
475772,-1
733562,0
672377,2
325473,2
960228,2
338453,-1
303865,1
984308,-1
176390,2
110266,2
723823,2
713426,2
65837,1
959568,2
259915,2
414319,2
734239,2
951585,2
991551,0
538053,2
159032,-1
760242,-1
511303,2
205139,-1
713411,0
404299,2
520934,2
962258,0
589683,0
879487,2
595853,0
893537,2
510701,-1
506168,0
935401,-1
172217,2
107737,2
843898,2
75963,2
792583,-1
788850,2
171453,2
721682,2
504393,2
457122,2
967876,1
778564,2
384288,-1
918649,2
932202,2
596826,0
533476,2
510491,1
542316,2
994967,-1
19929,1
600094,2
415619,2
954438,1
68040,-1
621500,0
219085,0
511936,1
24310,-1
92102,2
606534,-1
71316,2
680063,-1
322709,2
489062,2
508651,-1
727703,0
4932,2
962717,-1
261801,-1
235490,-1
526141,-1
464597,0
402932,2
874966,-1
38647,-1
874952,2
45839,2
11704,2
415601,2
62116,2
857982,-1
270552,-1
916824,2
195763,0
580302,1
746004,2
21524,2
756045,2
291523,1
168193,2
951740,0
719914,2
221414,2
46653,2
682720,2
358950,-1
287098,-1
98062,2
129794,2
881908,2
346851,2
420600,-1
496637,1
184565,-1
806189,-1
309088,-1
377531,2
767728,2
366827,-1
268773,2
434121,-1
416182,-1
768348,2
451039,-1
141243,-1
400389,1
984894,2
844684,-1
413599,-1
366303,0
934357,0
710000,2
76567,2
273418,0
169343,0
158615,-1
568416,-1
529243,0
951670,1
163851,2
111020,-1
222806,0
504194,2
403341,2
409964,1
164886,0
575926,-1
50353,2
511508,-1
824922,0
306457,2
791734,-1
320087,0
389556,2
7867,2
266834,-1
297246,2
972720,2
832558,-1
973815,2
121239,0
173190,-1
347349,-1
801067,0
554970,2
942489,0
318547,2
433231,2
214255,0
964352,2
296345,2
369301,2
786938,0
248151,2
706539,-1
243277,2
1848,1
988928,2
829412,2
876162,-1
983975,2
920807,1
857409,1
642964,2
740115,2
287561,-1
65414,2
115578,0
996029,2
530221,2
390917,2
879745,1
664859,2
29179,1
329827,2
76057,2
815249,0
516224,2
879490,1
870513,-1
447999,2
282117,1
551584,2
896735,1
378299,-1
362462,1
817340,2
339234,2
384300,-1
372535,0
481501,2
22762,-1
485119,2
960924,0
1286,1
484608,2
96406,-1
119877,1
704187,2
639303,2
226794,-1
466728,2
267290,2
197811,-1
192879,0
541183,2
268167,-1
222652,2
389701,0
778178,-1
899742,2
611148,2
412287,2
154379,1
337433,2
4992,-1
952134,2
614950,0
433589,-1
431329,2
973104,2
345041,2
9154,2
159443,2
328167,2
410690,0
560172,-1
475421,1
693871,2
765176,0
473084,1
948517,0
614570,0
240361,0
179722,0
221023,2
147626,0
82010,1
660216,2
954078,2
201149,2
362596,2
306287,1
480623,0
83287,2
860488,0
659668,-1
443467,2
401669,2
605414,2
411340,1
6215,2
34173,-1
927611,-1
417370,2
829063,0
955137,2
974180,2
513478,-1
63637,2
3608,1
143481,2
279637,2
12633,-1
91354,2
456539,0
103459,-1
724466,2
917465,-1
677645,2
625671,-1
368134,2
418287,1
830297,2
850990,2
99241,2
713539,2
776332,2
611692,0
378145,2
692646,1
551222,2
41841,-1
676647,2
964118,0
829668,0
416481,0
585188,-1
119077,2
122135,2
541838,2
176060,0
864487,2
751214,2
219125,-1
660479,-1
490868,-1
826967,-1
129768,-1
750892,2
720402,0
453224,-1
704902,1
796499,2
533138,0
751954,2
654466,2
379806,1
584321,1
21580,2
628187,2
604103,-1
324896,2
403714,0
679294,2
288757,0
885811,-1
87060,2
226855,2
208873,2
385795,-1
36354,2
231516,-1
898881,2
439774,-1
41702,-1
697039,1
118268,1
230412,2
401943,2
317235,2
190442,0
324957,-1
211902,2
719624,2
422031,-1
941377,-1
125441,2
242012,0
242306,-1
342079,2
656786,2
665159,2
449945,1
879883,1
749307,-1
66606,2
635824,2
810058,2
281353,0
708472,2
819973,-1
867318,2
608853,1
972226,0
800498,-1
793922,0
198481,2
252111,1
325911,2
485103,2
672238,-1
18275,2
144361,0
995474,2
392717,-1
308265,0
39492,0
69444,0
12457,-1
212664,-1
816340,0
606236,2
194914,1
216293,2
303599,0
343159,0
206331,0
524269,2
434114,2
86292,2
987282,0
562537,0
404732,2
764897,2
816811,2
377492,-1
46126,2
637184,-1
432808,2
314173,1
515732,2
838114,-1
66701,-1
621746,2
266646,2
560557,2
793372,2
913750,2
139199,0
420137,-1
292903,2
651987,2
157858,2
270569,2
362026,2
443999,2
588978,0
211628,1
609004,2
482845,2
598339,-1
943724,0
794232,0
272594,2
899087,2
429784,2
760840,2
28149,-1
808742,1
150908,2
768682,2
820329,1
173226,2
259838,0
368871,1
855825,0
786513,0
156853,2
789157,2
5991,2
734105,-1
30992,0
467775,0
111368,-1
973179,0
861404,2
95859,2
640918,2
222268,2
715936,-1
615609,0
964807,2
950784,-1
754178,-1
897363,2
389753,-1
968374,1
610718,2
821120,2
792286,-1
306378,1
944027,-1
672988,2
926873,-1
576218,2
614007,1
548378,2
768017,-1
654397,2
235861,-1
391370,-1
186071,2
824006,2
663965,2
823710,1
378005,2
730502,0
314573,2
385871,-1
434233,0
802739,2
521973,2
875614,-1
307688,-1
331041,2
901681,-1
465021,2
247820,0
203128,-1
229310,1
227668,2
970187,-1
948579,0
240077,1
792835,0
541891,2
376905,1
420718,0
462840,0
88860,1
83832,-1
739920,2
787253,2
105649,0
4602,1
765248,0
112884,-1
732506,2
666883,2
539233,2
715698,-1
694079,2
6025,-1
422546,2
926173,-1
303801,2
179173,-1
339152,1
225522,0
277373,1
413184,0
607498,2
811297,0
72944,-1
868808,2
668850,2
394292,2
222476,2
571858,2
676920,-1
171213,2
231952,2
644763,0
711281,1
329512,-1
351285,0
780051,2
494771,2
276685,-1
458846,2
5049,2
966777,0
610678,-1
821446,2
987377,2
766106,-1
169484,2
260149,1
593061,2
734995,0
209613,-1
626252,2
667510,1
743735,1
805447,-1
323315,2
568282,-1
637648,0
84755,2
755282,2
704830,2
396421,2
479893,-1
959482,0
970686,2
221268,1
144987,2
937007,1
325308,2
550486,0
583351,-1
737106,2
6394,-1
867691,1
786510,0
157931,0
532896,-1
826598,-1
799476,1
776730,2
880076,0
278774,-1
144722,2
821217,2
457259,1
39408,-1
464147,-1
693720,-1
401381,1
382649,2
327761,-1
999519,-1
109855,2
139161,2
573474,0
276329,0
191012,1
338409,2
598434,2
318459,2
285434,-1
296356,2
162435,-1
476311,0
603693,-1
909464,2
183481,0
749966,0
642063,-1
191936,0
516300,1
201656,2
689131,-1
210664,0
715905,0
546018,2
316131,-1
780104,-1
941293,2
966698,-1
331959,2
675148,2
495010,-1
785573,2
992003,0
292482,0
316399,-1
207963,2
915900,1
656892,0
295105,-1
36492,-1
597849,0
473441,2
576935,2
840716,-1
777967,2
974517,2
832211,2
423131,-1
836914,0
82167,-1
969815,-1
804703,2
457817,2
685085,-1
646257,2
624130,0
582559,0
423169,-1
657337,-1
88960,-1
269970,-1
105374,2
482268,2
782859,0
592629,2
336497,-1
57312,0
402798,-1
324231,-1
58998,0
922240,-1
724277,0
122922,0
592514,2
77165,2
468630,2
621373,2
398635,1
559697,2
214414,2
619976,2
455298,2
660578,0
643036,2
913457,-1
287368,-1
813930,0
307025,1
551415,2
689333,0
611269,0
935392,2
897868,2
236645,0
77481,2
618553,2
633595,1
655062,2
699074,0
195308,2
595210,2
945743,2
191854,2
987819,2
397016,0
308507,2
43551,2
240695,0
286168,0
915509,-1
869683,0
295238,-1
273952,2
584394,0
195900,-1
715663,2
851063,1
393719,1
285491,-1
474768,2
988237,2
422929,-1
531642,2
245695,2
879694,1
420847,2
442565,2
232430,2
398214,2
394365,0
426338,2
330020,2
785007,2
972338,2
942593,-1
961346,2
764846,-1
669522,-1
319959,2
181107,1
408404,2
523048,-1
101999,-1
172983,1
671524,2
849739,-1
346827,-1
476615,0
895125,2
92275,0
784034,1
463466,-1
541545,2
229217,2
486638,2
318073,-1
238027,-1
123946,-1
926635,2
957341,2
331416,2
912415,-1
737710,-1
123939,2
197071,0
355991,0
939791,2
35780,1
238540,2
578043,2
559830,-1
663080,-1
637989,-1
609853,0
688250,2
573526,0
122197,2
698843,2
978695,2
276003,2
180966,-1
640355,2
528396,1
838575,1
224086,2
25107,-1
941017,2
83294,-1
488157,2
280143,0
234739,2
580721,0
907765,-1
556068,1
212700,2
353721,0
675982,1
339284,-1
191301,2
168885,2
732303,-1
793043,2
699639,-1
312517,0
352208,2
266989,2
901063,-1
675882,0
320560,2
245351,2
522325,0
703585,1
641049,-1
45110,2
414797,2
269667,0
242813,1
367599,2
654104,1
894232,1
287449,0
573969,2
573083,2
543358,2
672556,0
761778,2
790474,0
576012,2
391509,2
766952,2
37858,2
703952,-1
840146,-1
317102,2
663313,-1
350256,2
302864,2
950748,2
559829,2
316929,0
885671,-1
926884,2
151033,2
956089,-1
578319,0
502372,-1
55085,-1
844569,0
657020,0
327419,1
774068,-1
215327,2
53274,2
165384,2
216655,0
895964,1
658815,2
392139,1
303725,0
95260,1
29266,2
941438,0
786762,1
687815,2
58178,2
892211,2
38872,1
6715,-1
115420,0
564035,2
655450,-1
536531,2
558684,-1
521553,2
702061,0
270836,2
579324,-1
186889,2
813889,2
864478,2
879657,-1
748146,-1
273325,-1
52520,0
620251,2
967986,2
255772,2
124459,1
778658,2
730026,-1
524315,-1
808795,1
410560,2
736913,2
585868,2
860621,0
911013,-1
350251,2
583294,1
237397,2
810871,2
302920,1
826197,0
552138,2
948170,0
734002,2
381149,2
87066,2
393025,2
242100,-1
73720,-1
248576,0
757481,-1
949825,-1
122392,0
454520,0
246599,2
587755,2
696011,2
702158,1
577157,2
779146,2
361064,2
568478,2
293138,2
886852,1
641390,2
309204,2
861978,2
65678,-1
37161,0
44459,-1
212306,1
15931,2
839468,1
206409,1
80465,-1
902010,1
184219,0
45607,2
337771,1
89645,-1
414134,2
357355,2
783782,2
537334,2
818133,-1
314957,2
793240,2
903549,2
505388,1
903516,1
830608,2
708649,-1
699265,-1
199279,2
423050,-1
84479,-1
692437,0
511157,0
134111,-1
457774,2
444789,-1
28139,0
532892,2
896668,1
807831,0
566437,2
122276,1
330625,2
459982,2
37020,2
248792,2
67871,-1
818267,0
899530,2
598012,2
105391,-1
734981,-1
194458,1
525857,1
299185,2
303968,-1
623420,-1
491902,0
405671,2
283285,2
314315,-1
342649,0
811594,1
877953,2
250020,2
482420,2
811970,2
410045,-1
768287,2
10140,2
381026,2
824589,0
566239,2
168376,2
925405,2
175224,0
761939,2
701364,2
634818,-1
691110,2
386807,2
885006,2
486755,-1
335914,0
961423,-1
48070,1
86376,0
857017,-1
70184,2
808139,2
348386,2
924242,2
686843,2
49160,2
302490,-1
183669,2
945556,-1
664348,0
556462,2
643411,-1
428375,1
855864,1
566490,0
830535,2
382,2
373785,-1
734921,1
171713,-1
556800,0
88973,-1
658337,-1
4709,1
877084,2
445620,2
270537,-1
703375,-1
46873,0
899754,0
795861,2
812551,2
535591,0
80055,-1
570775,-1
607294,-1
346257,0
834872,2
214043,-1
613413,-1
1960,-1
591346,-1
716050,-1
449744,0
746121,2
576177,0
742262,-1
603256,0
995594,2
491003,-1
258024,1
132811,2
739061,2
515952,-1
622935,2
448716,2
357570,-1
459647,2
694067,2
342342,0
458106,2
943571,1
592617,-1
847809,2
676499,2
393921,0
307201,2
814178,-1
33055,0
316616,0
246745,2
28308,2
793207,0
334667,1
805610,-1
747215,2
124201,2
360821,2
461119,2
301741,2
491775,2
930852,-1
208706,1
54869,1
62066,2
10993,2
629210,2
483522,2
810782,2
801097,2
117955,0
857587,0
756775,0
886329,-1
629213,2
130697,1
412538,-1
34139,0
149935,-1
813785,2
74650,-1
465837,-1
353152,2
331104,2
56069,2
723413,2
243069,2
482844,0
516277,2
634035,2
331193,0
474759,2
488620,2
839352,2
391234,-1
313648,2
659109,-1
662221,-1
296437,-1
193971,-1
787920,2
535511,2
769581,2
349431,2
929265,2
795123,0
155398,-1
725497,0
235678,0
369892,2
989976,-1
685160,2
345451,2
875429,-1
588854,-1
398409,1
142668,1
868078,0
449764,-1
194389,2
465891,-1
861701,2
668682,-1
859322,2
397319,0
662170,2
447574,1
550614,2
434903,2
939644,2
629964,2
822224,0
372060,0
575133,2
996535,2
627536,-1
773818,-1
943559,-1
910094,-1
40552,2
949845,-1
893456,2
799680,2
478024,2
249709,-1
815643,2
10542,-1
313029,2
551318,-1
682768,-1
541054,2
921977,2
40585,2
2551,2
3449,2
306708,-1
33638,-1
340490,-1
371368,2
403307,2
443723,0
917808,-1
109773,-1
964844,-1
875387,2
807641,-1
190559,2
929097,-1
216996,2
305367,-1
560286,2
643108,0
991972,-1
65425,-1
336322,2
126840,2
66121,2
619287,-1
124378,2
587313,2
447439,2
699344,2
700265,2
201084,0
787460,-1
772476,2
999493,2
649075,0
754715,2
20118,1
606310,0
629888,0
138102,0
966636,1
260253,1
837801,1
411449,0
46829,2
422748,-1
703922,2
329328,-1
604545,0
194969,0
386862,-1
778479,2
25665,-1
587685,1
154455,0
810205,-1
429754,0
497142,-1
332117,1
689977,2
15344,2
348067,-1
445232,-1
110434,2
23501,2
745898,0
348993,1
86112,0
847851,2
609103,-1
839077,2
257291,1
529894,1
589853,2
916547,1
479855,-1
715783,2
764927,-1
784447,-1
862004,2
788502,2
905470,2
59972,2
558929,-1
749131,0
33039,2
692983,2
456800,-1
167743,0
206677,1
76347,-1
975857,2
900572,1
776019,2
315754,1
618247,1
854472,-1
767416,2
824297,-1
226628,2
384950,0
470743,2
628227,2
569901,2
183605,-1
39796,0
967810,2
842975,2
829262,2
43283,0
263778,-1
544747,2
160865,0
870306,2
317941,2
242541,1
264786,-1
502689,-1
175518,2
966995,2
58075,0
936594,2
945413,0
956383,2
796714,1
994587,0
855668,0
632029,1
99436,0
498187,1
459281,2
314913,0
343021,2
761759,2
9180,2
118420,2
144978,0
259239,1
597539,1
803311,0
678530,-1
738379,-1
784916,2
723261,2
520511,2
318150,2
347280,2
658258,1
834309,2
742929,-1
957353,0
892508,1
629115,-1
45783,2
374554,2
533692,2
239498,-1
31211,2
236762,0
499387,0
372368,-1
264138,0
76328,0
114951,-1
814831,2
268297,0
87226,0
145525,2
742467,2
733277,0
556429,-1
984662,2
863695,2
718856,2
556202,0
458662,0
4008,0
65794,-1
308686,2
77619,0
986237,-1
536921,2
327880,2
519276,0
344602,0
369696,-1
183392,-1
21776,2
103782,2
395442,2
528923,1
203021,0
210803,2
244909,2
201132,-1
333838,-1
242928,1
549548,-1
971087,-1
198173,2
507787,-1
744350,2
989276,2
464956,1
825104,-1
893902,-1
790917,1
939067,-1
44875,2
725908,2
162327,0
857432,1
512973,1
665155,2
481258,-1
101492,2
282384,2
563804,-1
380930,2
63274,2
796774,2
642040,0
500526,2
671048,2
486218,2
511422,2
165759,-1
645301,-1
710223,-1
990571,2
569637,0
721243,-1
548509,2
274643,2
695145,0
255777,0
593154,-1
502769,2
599372,0
579198,-1
174276,-1
952316,2
146567,2
519007,2
497620,0
83071,2
316882,2
441233,0
534393,0
313809,0
515011,-1
53376,0
449332,1
358684,2
910878,0
683328,-1
632209,1
63394,2
258494,2
17146,1
113406,-1
791872,-1
30382,0
468651,-1
807521,2
844696,2
37056,0
697676,2
108031,-1
863487,-1
550647,1
872306,2
368994,2
987129,2
293586,0
659119,2
489550,0
688476,2
557113,0
458344,-1
343594,0
423020,1
3462,2
256331,2
182779,1
726997,0
839310,2
366691,2
793782,0
761451,2
529987,2
880139,1
907108,0
95023,2
340565,2
313583,2
91110,2
674536,1
725981,2
791988,0
10750,2
70886,-1
568043,0
148204,2
955877,0
710384,-1
700357,-1
403622,2
379890,0
214790,2
673915,2
599658,2
514363,-1
12212,1
37585,1
269742,2
561455,2
233339,2
734564,-1
152162,2
652743,2
842866,2
829108,-1
427747,2
385763,-1
867962,-1
584277,2
977469,0
4565,2
596205,0
106146,2
194447,0
935981,2
382689,0
877209,2
951367,1
886593,2
413497,1
168716,2
779455,2
209806,-1
556990,-1
55922,-1
393562,2
980856,2
921808,0
463431,-1
574520,2
116121,0
43620,-1
941858,0
977028,2
127189,-1
997627,2
146296,2
68755,2
969351,1
666496,2
742828,2
594821,2
248163,1
212783,2
530408,-1
271077,0
29116,-1
97327,2
103934,1
5281,-1
966764,-1
833394,1
769034,2
427885,2
101015,-1
135053,2
445073,-1
594718,2
485337,-1
652031,-1
295823,2
898107,2
621822,-1
593768,2
724899,-1
87739,2
830073,-1
142961,1
61106,-1
221043,2
696913,0
295268,2
753928,-1
649950,0
238297,2
265204,-1
19559,2
305511,2
992050,1
346418,0
82564,1
212312,-1
150821,0
680282,1
711087,-1
883893,1
360801,0
578270,2
788765,2
684593,2
177297,1
658714,1
946725,2
935871,0
453781,-1
370318,2
702503,0
278400,2
944133,0
647470,2
475065,2
592615,2
579070,2
134505,2
642708,-1
167603,2
555272,1
743195,2
959807,0
217024,-1
443267,2
397017,2
596814,0
533952,2
800696,2
112363,2
988128,2
759592,2
684206,-1
159362,2
246328,1
304396,2
54264,1
908329,2
849716,2
424570,-1
133226,2
624182,2
847038,-1
534999,1
514432,0
489534,1
417355,2
714692,-1
250868,2
192977,1
645212,-1
903171,2
214224,-1
332795,2
230188,2
957788,-1
102140,2
574414,1
471592,-1
782767,2
151657,2
324578,0
999173,-1
741669,0
934059,1
219327,2
640084,-1
865195,2
577052,0
507163,0
408984,2
639773,2
479385,2
169503,2
110462,2
251179,2
969955,2
933588,-1
365700,2
267452,2
797195,2
280489,0
149414,0
942202,-1
603517,-1
326443,2
292224,-1
521526,2
960021,2
806425,-1
231162,2
568815,2
966665,2
360405,-1
495872,1
320667,2
66860,2
581466,-1
248539,2
108857,2
644838,2
474280,2
787055,-1
277933,2
273967,-1
556307,2
807648,2
51870,-1
94877,-1
116574,2
399562,2
730487,-1
951265,2
926505,2
170438,0
372720,-1
591257,2
165101,2
152577,2
288444,1
57552,2
643771,-1
958204,0
320134,0
210202,2
120685,-1
326563,-1
265061,1
764221,2
177961,-1
106628,0
282903,2
981255,-1
697050,-1
699241,1
646970,0
695251,2
832086,-1
152329,2
561889,1
590212,2
914020,-1
675260,2
307271,-1
738307,-1
670025,2
140016,1
973171,2
732909,2
153191,1
716583,-1
422296,-1
293089,1
134300,2
892921,2
465699,0
609512,2
580483,2
176298,2
884073,1
172648,-1
395722,2
351392,-1
721553,0
681784,0
385663,2
844602,-1
888673,2
976202,0
846688,2
954728,2
618950,-1
762599,-1
539961,1
550361,0
407571,0
656096,2
378318,1
967793,-1
75392,1
177800,-1
408225,-1
680118,2
297379,0
527068,-1
434966,1
900632,2
130158,2
341406,0
522679,2
483207,2
221942,-1
587012,0
441095,2
536195,2
43396,-1
991333,-1
542338,0
966161,1
209660,2
653577,2
357971,-1
407024,-1
94220,2
638817,1
194215,2
856259,2
614917,2
621121,1
278551,1
106543,-1
637263,2
868154,2
928749,0
311979,2
299209,-1
838786,-1
740050,-1
618306,2
125116,1
943217,-1
556335,0
522328,-1
708449,-1
76467,2
713495,2
317157,-1
874864,0
769447,2
723661,1
169776,2
341817,-1
279315,2
56671,2
586033,-1
424489,2
670559,1
813882,1
743424,0
998561,2
35843,-1
148459,2
141814,2
899926,2
66867,0
249425,0
827222,2
933298,2
717876,-1
76495,-1
170533,2
278,-1
614316,-1
215952,-1
486044,2
565883,-1
333596,2
774118,2
759320,2
729321,2
734928,-1
996973,2
263240,2
967543,1
88271,2
51682,2
765829,-1
526501,-1
538022,2
464819,2
743385,-1
352378,2
896685,0
344913,2
103328,2
317955,-1
323535,2
884118,-1
907600,2
319388,2
94543,2
906238,0
166594,-1
498008,2
20718,0
137232,0
576299,2
213588,2
745401,-1
490678,-1
407623,-1
57607,2
874698,0
708834,2
698181,-1
789444,0
846358,2
726457,2
721486,2
85593,1
612031,2
338459,2
11187,0
64779,-1
257851,-1
222681,2
85769,2
491695,2
69652,-1
978637,2
194315,0
842272,1
566358,0
836624,-1
896889,2
928128,2
32619,2
4454,0
300730,0
462746,2
18230,2
762818,2
786587,2
709164,2
310079,-1
300903,-1
311755,2
52324,0
756349,2
360063,2
679442,0
121576,2
491908,2
660702,2
728978,2
849682,2
548683,-1
277746,0
912506,2
261231,-1
481398,0
529619,2
864134,1
764226,2
257799,-1
366010,2
578643,2
857669,2
478994,-1
673788,2
836471,1
5195,2
744071,-1
819993,0
105033,2
577219,0
451731,0
839701,2
873740,2
103273,-1
829729,0
687709,2
975580,2
992939,0
755969,2
425274,-1
449925,-1
673834,0
242524,2
699239,-1
964461,0
189638,0
440494,2
286814,1
947754,1
611158,-1
930418,2
881582,0
321503,2
978268,0
90863,2
461856,2
159752,2
893413,0
97582,2
70433,-1
54251,-1
202195,0
410018,2
505784,-1
273223,0
886247,1
938271,0
943867,-1
131809,-1
617622,2
377222,-1
477261,-1
640045,1
965900,2
19444,0
359565,0
608805,2
232495,-1
123701,2
817217,2
635161,2
247020,-1
617451,2
938781,2
30759,-1
705452,1
349996,0
119394,-1
896443,2
719233,2
607289,2
303795,0
123568,0
287032,-1
914400,2
24611,0
441152,2
100465,0
257636,2
587932,2
323729,-1
50830,2
599546,0
552116,1
878865,2
494211,0
803869,1
882581,-1
535734,0
995446,2
318172,2
51166,2
801017,0
447285,-1
735991,0
100505,1
72085,0
844827,-1
204185,-1
135358,2
265254,2
426503,2
226392,2
829793,2
822833,-1
613321,1
789678,2
167452,2
134392,0
761645,2
265477,-1
456308,-1
928781,-1
488311,2
637257,1
398134,-1
291255,2
636686,0
691251,2
717856,1
921344,0
16525,-1
738565,-1
114799,-1
64363,-1
349755,-1
709627,-1
896596,-1
126674,2
20322,2
344127,-1
380343,0
431495,2
666836,2
979256,0
522596,-1
922437,2
936407,1
177547,-1
854940,2
219086,0
285478,0
376394,1
278668,2
803944,2
919590,2
671551,2
944137,0
794925,-1
756835,1
485914,0
60176,1
45335,2
155423,-1
777221,2
302729,1
270476,-1
564907,2
868071,-1
511137,0
765166,-1
686589,2
179460,-1
979548,2
161158,-1
122086,2
242717,0
820265,-1
301262,2
548778,2
50847,2
816109,2
529955,2
223003,0
306003,-1
670436,0
927913,2
797806,2
518697,2
320211,1
312148,2
703919,-1
951694,2
78201,1
178353,1
856674,2
88796,2
763171,1
961797,2
331941,2
61059,-1
228395,2
906839,0
796076,0
550181,2
584668,0
858574,2
397634,2
774584,-1
376780,2
571842,0
598952,-1
251053,2
156160,-1
209792,2
623700,2
386349,-1
975607,2
710461,-1
414286,-1
504386,2
615210,-1
686504,2
201360,2
477876,2
857523,1
65576,0
311290,0
354703,2
713717,-1
3484,2
333986,2
433077,0
987845,0
487343,2
389631,2
349078,2
110116,2
853938,2
280471,2
528472,2
148108,1
344553,2
916759,-1
259516,2
961234,0
423634,-1
857805,2
397365,2
857555,1
989563,2
288858,2
29623,1
296324,-1
195452,-1
89006,-1
685999,2
953360,2
398016,2
23380,0
858247,-1
251406,2
892567,-1
544308,-1
736038,-1
788588,2
422746,2
839256,2
151320,2
306785,2
847300,-1
992698,0
659398,0
147593,2
145217,0
223963,0
810561,2
291291,-1
703836,2
211575,0
238579,2
210624,2
819555,0
558154,0
592357,-1
276482,2
673932,0
995721,-1
592147,2
773618,2
684165,2
350641,-1
87764,2
272814,2
435767,-1
62657,-1
296443,-1
263147,-1
671827,-1
928178,-1
467586,-1
755440,2
254496,-1
460932,-1
147670,1
569718,2
643831,0
886969,2
232075,-1
109532,-1
468568,0
4936,-1
203154,2
27673,2
129667,-1
98126,0
279960,2
417611,-1
179502,0
649846,-1
972392,-1
690263,2
844854,2
64801,2
725765,0
500151,2
137665,-1
327170,2
737240,-1
835581,1
975161,-1
76414,1
957883,2
946476,2
933294,2
854047,0
117233,2
270551,2
65083,-1
202684,2
64863,-1
390621,-1
149562,-1
292543,2
263451,2
40122,0
573893,0
774671,2
879851,-1
86848,-1
397160,1
475194,-1
637080,2
740039,2
925132,2
629995,-1
687834,0
869772,2
762016,2
926397,2
647788,2
562390,1
535086,-1
424682,2
877815,2
696873,2
475889,1
31358,2
378750,2
444206,-1
608581,2
728954,1
957113,-1
801794,-1
518225,2
358103,1
680249,0
330131,0
639079,2
568837,-1
674514,2
408712,0
751683,-1
83788,2
870105,0
506017,-1
990787,-1
249793,-1
500428,2
474046,0
285709,1
738823,-1
713163,0
254402,-1
784922,2
172957,2
152465,2
808051,1
485595,-1
907857,2
976351,0
890487,-1
22342,-1
793794,0
397069,-1
696234,1
446222,-1
421398,2
133429,-1
906252,2
414092,2
921186,2
73317,0
750866,2
404488,0
217262,1
82084,2
178765,2
856902,2
128311,2
28674,0
622104,0
530054,2
381560,1
98355,0
740344,2
138808,0
170089,-1
226215,0
423833,2
369913,2
95896,2
97840,0
89084,0
239009,0
366412,2
851148,1
474593,1
633845,2
51545,0
278633,-1
39361,-1
221510,2
66321,2
66661,-1
613615,2
942704,0
15587,1
353103,2
271735,-1
159461,2
807877,2
934854,2
409387,-1
203644,-1
635192,0
772176,2
227248,-1
319106,0
128668,1
731220,2
311826,2
808440,2
615105,0
723926,-1
582734,2
520223,2
858352,2
606234,2
276096,-1
254986,0
381775,0
592526,1
230347,-1
61228,-1
819339,0
995982,2
727863,-1
186751,2
964719,0
125624,2
344973,2
949789,1
599330,2
265518,1
298147,-1
226325,-1
239874,0
301650,2
157290,1
345248,2
137668,2
387140,-1
393316,-1
940665,0
206952,2
541428,0
886796,1
546374,-1
922849,2
857364,0
528773,1
348027,2
534413,2
447525,-1
607037,2
136714,2
698954,2
496231,-1
112559,1
746719,1
56423,-1
111610,1
59106,2
324423,2
903495,-1
522578,2
330418,-1
170036,-1
811734,-1
336133,2
61446,1
286684,2
86718,2
378434,2
95056,2
157217,0
678843,0
131307,1
531053,2
947694,1
759959,2
976235,2
772212,2
869188,2
7256,0
910026,2
970748,1
960297,-1
487259,-1
2648,1
93493,2
320569,-1
435902,0
24812,-1
709950,2
191870,2
544288,2
599634,1
948396,2
628855,-1
219705,2
76369,2
209707,-1
529193,2
488505,0
649995,1
328227,-1
734220,2
569724,-1
617157,1
835618,2
497694,1
6641,0
791125,2
479666,2
232716,0
786460,2
492966,-1
885363,2
346906,-1
295934,-1
650486,0
958263,-1
939823,2
69802,0
264749,0
744004,-1
903111,1
464048,2
353129,-1
781817,2
105244,1
899313,2
421940,0
651955,-1
966826,2
277192,2
557101,-1
16077,2
788753,-1
636671,2
209113,0
17873,2
263873,2
818047,-1
274518,-1
137245,-1
210901,0
452172,0
814366,-1
212158,2
90901,1
143454,2
761556,0
505773,2
601972,0
74231,2
815985,2
481732,2
627871,1
594469,-1
350756,2
269893,2
6511,-1
436306,2
780075,2
143536,2
635339,-1
904919,2
775083,2
201705,1
71322,2
718755,2
355397,2
7480,2
676361,2
27930,2
689435,2
6365,2
117872,1
303319,2
758069,2
519052,2
173245,0
906749,-1
9631,1
186664,-1
818801,-1
610128,0
200984,2
946451,2
588728,-1
132012,-1
746803,2
684358,2
180750,-1
997932,1
291282,2
865532,2
937154,-1
272540,2
28014,0
54105,-1
677318,2
142298,-1
546152,1
131990,2
930247,2
405814,0
849259,2
970178,2
775969,2
251906,2
209894,2
82633,-1
216329,0
147245,2
375068,-1
432029,0
681008,2
985356,-1
83642,-1
924379,2
474657,-1
966145,-1
943890,1
226367,2
60192,2
893971,0
418543,2
13358,0
520619,2
321598,2
741056,2
936461,2
143146,-1
535965,0
281202,2
165837,-1
613580,0
446237,1
897909,2
35072,2
334267,2
150295,-1
414005,2
691449,-1
586333,2
805955,2
994946,0
535234,0
990339,0
245539,2
142285,1
471258,0
181421,2
804056,2
250453,2
422794,2
896160,2
493299,-1
579107,-1
853420,0
661565,2
373413,2
962094,2
41812,2
504594,1
507593,0
210061,0
287454,2
536194,0
814693,0
400723,2
397613,-1
609991,-1
343360,2
519580,2
631971,-1
468411,2
239916,-1
937873,0
562422,0
422498,2
88056,2
370179,2
729780,1
758644,2
965567,2
327049,2
973414,0
109041,0
457236,2
703005,2
666461,2
200379,-1
800041,-1
645036,0
888342,-1
308411,-1
896890,2
346042,0
211349,0
719119,2
599794,0
710238,2
654615,-1
744157,2
68991,0
62494,2
119981,-1
858023,-1
470649,2
824428,-1
499614,2
382254,-1
927245,-1
63744,1
175662,-1
808354,2
859015,2
22385,2
245056,2
237976,0
884803,2
107153,2
467496,0
935108,-1
835385,2
345228,2
656751,2
64369,1
822812,-1
893774,2
300949,2
368266,1
762993,-1
364409,-1
165076,2
845006,2
482039,2
934736,-1
964388,2
57305,2
955294,-1
64942,1
339722,-1
804326,0
196186,-1
945210,1
910005,1
256047,2
684487,-1
596984,-1
100902,0
555448,2
972459,1
925684,-1
331377,-1
326789,2
649869,1
447927,2
162757,2
121988,-1
876900,2
428436,2
980099,0
469400,0
69303,2
901450,2
469091,2
107745,-1
759608,-1
105104,-1
937094,0
505536,0
166852,2
955751,-1
297133,1
840457,1
246498,-1
453796,2
752359,2
680137,-1
651615,2
34294,2
566577,2
546774,2
672130,2
180963,2
894127,2
818501,1
57049,-1
480533,0
249370,2
175803,2
390055,-1
797992,2
720945,2
538702,2
526631,0
233659,2
288602,2
810965,0
111100,2
528758,2
564829,2
538223,-1
39918,0
128542,0
110687,1
198596,2
64585,-1
586728,-1
223741,0
753397,2
290174,-1
542214,2
372837,2
288012,2
94780,0
964126,2
869801,-1
366133,1
702070,2
407850,2
681790,-1
528548,1
830318,1
720943,-1
355391,2
910133,0
644426,-1
892393,2
147139,2
242092,-1
337513,-1
442543,1
331242,0
697685,2
238142,2
639271,2
390876,2
892822,2
368716,2
391611,2
26366,2
830437,-1
213126,1
421994,1
585939,0
475433,0
481193,2
388001,2
721285,2
395050,0
577469,0
211607,2
574907,2
805807,2
661405,-1
767832,2
851400,2
726350,0
826614,-1
821952,2
468095,-1
225454,0
937705,1
346504,2
372790,1
715616,2
281080,0
361431,2
434867,2
425309,2
698813,2
615023,2
641,1
937551,0
133842,2
252814,-1
575434,0
242013,-1
206664,-1
399851,-1
104630,2
237325,2
814076,2
438092,1
902087,2
845881,-1
93753,2
746802,2
545644,2
494858,0
744232,-1
518375,-1
673188,-1
650394,2
579240,2
283548,0
964677,1
733088,0
795451,1
189822,1
554376,2
83587,0
77193,2
802848,2
258627,1
665792,2
322201,2
23535,0
630135,-1
848949,-1
802178,2
203862,0
239658,2
456223,0
586979,-1
474632,-1
651329,0
889489,2
725388,2
477844,2
376894,2
402248,2
310164,2
130849,1
374093,2
481749,0
463808,2
288000,2
845217,2
757316,-1
262230,1
167856,-1
215975,2
182510,2
396184,-1
449083,-1
627919,0
944107,1
314291,2
907344,-1
380697,-1
374602,-1
568728,0
32358,2
358751,0
601169,2
563515,2
825374,0
401164,-1
269512,2
736903,-1
665185,0
703493,2
649176,2
89747,2
801434,0
750936,2
62996,1
197941,-1
931726,2
999411,2
166179,2
415347,1
703334,2
535633,2
848046,0
26885,2
656503,2
876235,2
253058,2
335901,0
486930,-1
519709,1
751553,1
15916,-1
876083,2
549489,2
484787,0
339205,2
293922,2
716370,2
121979,1
355364,-1
652890,0
736209,1
506571,-1
874194,-1
24852,2
960566,2
932863,0
329246,0
339552,0
175017,2
605037,-1
910328,-1
379922,2
620027,2
798220,2
378654,-1
90310,1
660044,2
143190,2
350310,1
743542,2
66186,-1
772331,1
205514,2
743938,1
534691,0
52110,2
179889,0
921175,-1
516392,2
967962,2
8838,0
192236,2
212983,0
203985,-1
710768,2
524220,-1
750797,0
964888,0
969489,2
178619,-1
704138,0
132174,1
46263,-1
817449,1
870810,2
233755,2
609080,-1
981674,-1
417942,1
992917,2
84796,2
346872,-1
631393,1
340881,2
216823,1
182348,0
567946,-1
141268,1
684612,2
687469,2
702863,-1
286035,1
284067,2
458157,0
834117,2
255010,2
797499,2
646377,2
940776,0
195519,2
993798,-1
364112,1
197836,2
245546,2
365759,2
896324,2
351010,-1
502504,2
332354,2
484950,-1
37265,2
202025,-1
886374,0
180486,2
687405,2
298447,0
9338,-1
982971,2
328782,2
208788,2
477780,0
941588,0
576611,0
947570,0
997910,0
74986,2
496365,0
502482,2
961810,-1
94242,2
183339,-1
780613,0
658499,0
144485,2
485804,-1
265961,2
974437,0
430035,1
906357,1
327332,-1
460921,-1
493471,-1
16241,2
58712,2
816270,2
910551,2
771337,0
573204,-1
367907,2
372518,-1
639437,0
474666,2
648482,2
143860,2
114275,2
358451,2
576988,0
346022,-1
533375,2
887942,-1
643526,1
435200,1
73621,-1
430733,1
187712,1
216777,-1
236330,1
615817,2
279661,2
515797,0
846929,0
927705,1
337882,0
651214,0
751056,-1
248125,2
659759,2
44797,2
798117,2
638313,-1
204555,1
540417,0
352057,2
799088,-1
934720,-1
529609,1
358662,0
704245,0
932974,2
531048,2
71743,1
767345,2
530839,2
815047,2
128752,-1
39654,2
132905,2
116459,2
165532,2
502758,-1
284295,0
29769,2
818671,2
201465,0
663088,-1
184683,2
281280,0
496917,0
229445,2
906993,0
734003,1
970888,2
75892,-1
829171,0
487955,-1
127968,2
274632,-1
731069,1
221632,0
769168,2
641285,0
454883,0
821566,2
314629,2
82988,0
696785,2
797805,0
525201,2
599152,2
466357,2
191679,-1
777617,0
3581,2
176471,2
188510,2
852019,2
687573,1
1499,1
687976,0
815050,1
670948,1
321255,2
683149,2
157906,-1
723426,0
977979,-1
693058,1
917095,2
197950,0
812383,2
122505,0
913830,2
286098,1
76092,0
544534,2
370160,0
527515,2
617472,2
177127,2
173098,2
328325,0
443275,2
662169,2
745784,0
877890,2
129486,0
57431,2
184494,2
653677,1
77414,0
766841,2
340443,2
331063,0
560136,-1
791454,0
804182,2
996054,-1
997577,0
678955,2
146227,-1
299148,2
964213,2
703910,2
651805,2
360112,2
554929,-1
460850,-1
266567,-1
988459,0
54960,2
262128,2
390911,0
663234,0
207607,-1
166012,2
215025,0
819232,-1
738464,0
152114,2
812759,-1
249602,2
802862,2
713304,2
577367,-1
491349,0
652650,-1
967930,0
900531,-1
869994,-1
677812,1
576783,1
401607,2
935016,2
743175,-1
966359,-1
208243,-1
332009,2
486157,1
343615,2
462164,-1
407405,-1
931719,2
642445,0
940529,0
693850,-1
846956,2
999669,2
256463,2
37534,2
930321,-1
495749,2
363368,-1
482774,2
968706,2
984473,2
537348,1
511380,0
74611,0
714843,0
83398,-1
953071,2
644182,-1
636836,2
591233,2
479785,2
366080,-1
86880,0
285987,-1
560727,-1
248082,0
53406,2
152769,1
953075,2
798231,2
596716,2
496433,0
68652,1
415102,2
247580,-1
739680,2
467608,2
120848,2
799462,2
580292,0
943835,-1
990402,2
955360,2
947963,2
784748,0
502914,2
365296,2
158992,1
471246,0
345671,2
687199,-1
321723,2
174439,1
442391,0
750827,-1
171801,-1
165677,-1
563428,2
464821,0
116432,2
204331,2
644706,0
305351,2
731500,2
17208,-1
19337,0
8755,-1
133797,0
255140,-1
627021,-1
914045,2
763365,0
655183,2
773911,2
411123,-1
125139,1
647348,2
335490,1
660005,2
612647,0
53118,2
402290,-1
954816,2
285572,2
682172,2
229711,2
17840,-1
959088,-1
638708,2
940588,2
288271,0
961513,2
46205,-1
27319,0
634943,2
895714,2
875167,2
78329,2
867455,0
470892,-1
